-- phpMyAdmin SQL Dump
-- version 3.5.5
-- http://www.phpmyadmin.net
--
-- Host: localhost
-- Generation Time: Oct 04, 2013 at 04:43 AM
-- Server version: 5.5.30-30.2
-- PHP Version: 5.3.17

SET SQL_MODE="NO_AUTO_VALUE_ON_ZERO";
SET time_zone = "+00:00";


/*!40101 SET @OLD_CHARACTER_SET_CLIENT=@@CHARACTER_SET_CLIENT */;
/*!40101 SET @OLD_CHARACTER_SET_RESULTS=@@CHARACTER_SET_RESULTS */;
/*!40101 SET @OLD_COLLATION_CONNECTION=@@COLLATION_CONNECTION */;
/*!40101 SET NAMES utf8 */;

--
-- Database: `spngroup_quanan_muoiotxanh`
--

-- --------------------------------------------------------

--
-- Table structure for table `tbl_app`
--

CREATE TABLE IF NOT EXISTS `tbl_app` (
  `id` int(11) NOT NULL AUTO_INCREMENT,
  `name` varchar(50) COLLATE utf8_unicode_ci NOT NULL,
  `phone` varchar(15) COLLATE utf8_unicode_ci NOT NULL,
  `address` varchar(125) COLLATE utf8_unicode_ci NOT NULL,
  `email` varchar(50) CHARACTER SET utf8 NOT NULL,
  `banner` varchar(125) CHARACTER SET utf8 NOT NULL,
  `prefix` varchar(50) CHARACTER SET utf8 NOT NULL,
  `alias` varchar(256) CHARACTER SET utf8 NOT NULL,
  `date_created` timestamp NOT NULL DEFAULT CURRENT_TIMESTAMP,
  `date_modified` timestamp NOT NULL DEFAULT '0000-00-00 00:00:00',
  `date_activity` timestamp NOT NULL DEFAULT '0000-00-00 00:00:00',
  `type` tinyint(4) NOT NULL,
  `page_view` bigint(20) NOT NULL,
  PRIMARY KEY (`id`)
) ENGINE=InnoDB  DEFAULT CHARSET=utf8 COLLATE=utf8_unicode_ci AUTO_INCREMENT=2 ;

--
-- Dumping data for table `tbl_app`
--

INSERT INTO `tbl_app` (`id`, `name`, `phone`, `address`, `email`, `banner`, `prefix`, `alias`, `date_created`, `date_modified`, `date_activity`, `type`, `page_view`) VALUES
(1, 'Demo 1', '0919 111 222', 'P5 - TPVL', '', 'data/images/banner/logo.png', 'tbl_', 'tbl_', '2012-06-30 22:00:00', '0000-00-00 00:00:00', '2012-12-26 13:28:02', 0, 0);

-- --------------------------------------------------------

--
-- Table structure for table `tbl_category`
--

CREATE TABLE IF NOT EXISTS `tbl_category` (
  `id` int(25) NOT NULL AUTO_INCREMENT,
  `name` varchar(200) COLLATE utf8_unicode_ci DEFAULT NULL,
  `picture` binary(255) DEFAULT NULL,
  PRIMARY KEY (`id`)
) ENGINE=InnoDB  DEFAULT CHARSET=utf8 COLLATE=utf8_unicode_ci AUTO_INCREMENT=51 ;

--
-- Dumping data for table `tbl_category`
--

INSERT INTO `tbl_category` (`id`, `name`, `picture`) VALUES
(28, 'Khai Vị', NULL),
(29, 'Cơm', NULL),
(30, 'Mì', NULL),
(31, 'Bò', NULL),
(32, 'Mực', NULL),
(33, 'Ếch', NULL),
(34, 'Vịt xiêm', NULL),
(35, 'Chân gà', NULL),
(36, 'Cánh gà', NULL),
(37, 'Sườn heo', NULL),
(38, 'Vú heo', NULL),
(39, 'Lươn', NULL),
(40, 'Bồ câu', NULL),
(42, 'các loai cá', NULL),
(46, 'Các món gỏi', NULL),
(47, 'Hải sản (nước mắm sữa)', NULL),
(48, 'Lẩu', NULL),
(49, 'Dồi trường', NULL),
(50, 'Bao tử', NULL);

-- --------------------------------------------------------

--
-- Table structure for table `tbl_collect_general`
--

CREATE TABLE IF NOT EXISTS `tbl_collect_general` (
  `id` int(11) NOT NULL AUTO_INCREMENT,
  `id_term` int(11) NOT NULL,
  `date` date NOT NULL,
  `value` int(11) NOT NULL,
  `note` varchar(50) COLLATE utf8_unicode_ci DEFAULT NULL,
  PRIMARY KEY (`id`),
  KEY `tbl_collect_1` (`id_term`)
) ENGINE=InnoDB  DEFAULT CHARSET=utf8 COLLATE=utf8_unicode_ci AUTO_INCREMENT=9 ;

--
-- Dumping data for table `tbl_collect_general`
--

INSERT INTO `tbl_collect_general` (`id`, `id_term`, `date`, `value`, `note`) VALUES
(5, 2, '2013-05-18', 1000000, 'd'),
(6, 3, '2013-08-08', 200000, 'Thử'),
(8, 2, '2013-09-26', 250000, 'thu phụ phẩm');

-- --------------------------------------------------------

--
-- Table structure for table `tbl_config`
--

CREATE TABLE IF NOT EXISTS `tbl_config` (
  `id` int(11) NOT NULL AUTO_INCREMENT,
  `param` varchar(125) COLLATE utf8_unicode_ci NOT NULL,
  `value` varchar(256) COLLATE utf8_unicode_ci NOT NULL,
  PRIMARY KEY (`id`)
) ENGINE=InnoDB  DEFAULT CHARSET=utf8 COLLATE=utf8_unicode_ci AUTO_INCREMENT=8 ;

--
-- Dumping data for table `tbl_config`
--

INSERT INTO `tbl_config` (`id`, `param`, `value`) VALUES
(1, 'ROW_PER_PAGE', '12'),
(5, 'DISCOUNT', '0'),
(6, 'EVERY_5_MINUTES', '2000'),
(7, 'GUEST_VISIT', '1603');

-- --------------------------------------------------------

--
-- Table structure for table `tbl_course`
--

CREATE TABLE IF NOT EXISTS `tbl_course` (
  `id` int(11) NOT NULL AUTO_INCREMENT,
  `idcategory` int(25) DEFAULT NULL,
  `name` varchar(200) COLLATE utf8_unicode_ci NOT NULL,
  `shortname` varchar(200) COLLATE utf8_unicode_ci DEFAULT NULL,
  `unit` varchar(200) COLLATE utf8_unicode_ci DEFAULT NULL,
  `price1` bigint(20) NOT NULL,
  `price2` bigint(20) NOT NULL,
  `price3` bigint(20) NOT NULL,
  `price4` bigint(20) NOT NULL,
  `picture` varchar(50) COLLATE utf8_unicode_ci DEFAULT NULL,
  `rate` int(11) NOT NULL,
  PRIMARY KEY (`id`),
  KEY `foreign_field` (`idcategory`)
) ENGINE=InnoDB  DEFAULT CHARSET=utf8 COLLATE=utf8_unicode_ci AUTO_INCREMENT=354 ;

--
-- Dumping data for table `tbl_course`
--

INSERT INTO `tbl_course` (`id`, `idcategory`, `name`, `shortname`, `unit`, `price1`, `price2`, `price3`, `price4`, `picture`, `rate`) VALUES
(245, 28, 'đậu hủ sữa chiên giòn', 'đậu hủ sữa chiên giòn', 'Dĩa', 30000, 0, 0, 0, '', 0),
(246, 28, 'đậu hủ sữa xốt tứ xuyên', 'đậu hủ sữa xốt tứ xuyên', 'Dĩa', 40000, 0, 0, 0, '', 0),
(247, 28, 'hột vịt lộn rang me', 'hột vịt lộn rang me', 'Dĩa', 10000, 0, 0, 0, '', 0),
(248, 28, 'cút lộn luộc, rang muối ớt', 'cút lộn luộc, rang muối ớt', 'Dĩa', 40000, 0, 0, 0, '', 0),
(249, 28, 'hột gà lộn rang muối', 'hột gà lộn rang muối', 'Trứng', 10000, 0, 0, 0, '', 0),
(250, 28, 'khoai tây chiên', 'khoai tây chiên', 'Bịch', 10000, 0, 0, 0, '', 0),
(251, 28, 'rau muống xào tỏi, xào chao', 'rau muống xào tỏi, xào chao', 'Dĩa', 30000, 0, 0, 0, '', 0),
(252, 28, 'khô mực nướng', 'khô mực nướng', 'Dĩa', 50000, 0, 0, 0, '', 0),
(253, 28, 'cơm cháy kho quẹt', 'cơm cháy kho quẹt', 'Dĩa', 30000, 0, 0, 0, '', 0),
(254, 28, 'chả cá thát lát chiên giòn, hấp cải xanh', 'chả cá thát lát chiên giòn, hấp cải xanh', 'Dĩa', 20000, 0, 0, 0, '', 0),
(255, 28, 'rau luộc thập cẩm', 'rau luộc thập cẩm', 'Dĩa', 15000, 0, 0, 0, '', 0),
(256, 28, 'Đặc Biệt: lạp xưởng tươi nướng', 'Đặc Biệt: lạp xưởng tươi nướng', 'Dĩa', 50000, 0, 0, 0, '', 0),
(257, 29, 'cơm dương châu', ' cơm dương châu', 'Dĩa', 15000, 0, 0, 0, '', 0),
(258, 29, ' cơm cá mặn', 'cơm cá mặn', 'Dĩa', 20000, 0, 0, 0, '', 0),
(259, 29, 'cơm ngũ sắc', 'cơm ngũ sắc', 'Dĩa', 20000, 0, 0, 0, '', 0),
(260, 29, 'cơm hải sản', 'cơm hải sản', 'Dĩa', 30000, 0, 0, 0, '', 0),
(261, 30, 'mì xào hải sản', 'mì xào hải sản', 'Dĩa', 20000, 0, 0, 0, '', 0),
(262, 30, 'mì xào thập cẩm', 'mì xào thập cẩm', 'Dĩa', 20000, 0, 0, 0, '', 0),
(263, 31, 'bò xào cải mầm', 'bò xào cải mầm', 'Dĩa', 30000, 0, 0, 0, '', 0),
(264, 31, 'bò nướng lá lốt', 'bò nướng lá lốt', 'Dĩa', 40000, 0, 0, 0, '', 0),
(265, 31, 'bắp bò xào càng cua', 'bắp bò xào càng cua', 'Dĩa', 50000, 0, 0, 0, '', 0),
(266, 31, 'bắp bò nướng mọi', 'bắp bò nướng mọi', 'Dĩa', 80000, 0, 0, 0, '', 0),
(267, 31, 'bắp bò nướng muối ớt', 'bắp bò nướng muối ớt', 'Dĩa', 90000, 0, 0, 0, '', 0),
(268, 31, 'lòng bò luộc sả', 'lòng bò luộc sả', 'Dĩa', 70000, 0, 0, 0, '', 0),
(269, 32, 'mực nướng (sả ớt, muối ớt)', 'mực nướng (sả ớt, muối ớt)', 'Kg', 50000, 0, 0, 0, '', 0),
(270, 32, 'mực chiên nước mắm', 'mực chiên nước mắm', 'Kg', 50000, 0, 0, 0, '', 0),
(271, 32, 'mực trứng hấp', 'mực trứng hấp', 'Kg', 70000, 0, 0, 0, '', 0),
(272, 32, 'mực núp lùm', 'mực núp lùm', 'Kg', 50000, 0, 0, 0, '', 0),
(273, 33, 'ếch để da chiên giòn', 'ếch để da chiên giòn', 'Kg', 50000, 0, 0, 0, '', 0),
(274, 33, 'ếch bầm lá cách', 'ếch bầm lá cách', 'Kg', 60000, 0, 0, 0, '', 0),
(275, 33, 'ếch sốt me', 'ếch sốt me', 'Kg', 70000, 0, 0, 0, '', 0),
(276, 33, 'lẩu ếch măng chua', 'lẩu ếch măng chua', 'Kg', 80000, 0, 0, 0, '', 0),
(277, 34, 'ram me', 'ram me', 'Con', 120000, 0, 0, 0, '', 0),
(278, 34, 'nướng giả chồn', 'nướng giả chồn', 'Con', 130000, 0, 0, 0, '', 0),
(279, 34, 'nấu giả cầy', 'nấu giả cầy', 'Con', 100000, 0, 0, 0, '', 0),
(280, 34, 'xáo măng', 'xáo măng', 'Con', 130000, 0, 0, 0, '', 0),
(281, 34, 'lẩu vịt xiêm nấu măng chua', 'lẩu vịt xiêm nấu măng chua', 'Con', 150000, 0, 0, 0, '', 0),
(283, 35, 'nướng muối ớt', 'nướng muối ớt', 'Cái', 5000, 0, 0, 0, '', 0),
(284, 35, 'hấp hành', 'hấp hành', 'Cái', 12000, 0, 0, 0, '', 0),
(285, 36, 'chiên nước mắm', 'chiên nước mắm', 'Cái', 10000, 0, 0, 0, '', 0),
(286, 36, 'nướng muối ớt', 'nướng muối ớt', 'Cái', 15000, 0, 0, 0, '', 0),
(287, 36, 'rang me', 'rang me', 'Cái', 5000, 0, 0, 0, '', 0),
(288, 37, 'chiên nước mắm', 'chiên nước mắm', 'Dĩa', 30000, 0, 0, 0, '', 0),
(289, 37, 'nướng sả ớt, muối ớt', 'nướng sả ớt, muối ớt', 'Dĩa', 30000, 0, 0, 0, '', 0),
(290, 37, 'nấu dưa cải', 'nấu dưa cải', 'Dĩa', 30000, 0, 0, 0, '', 0),
(291, 37, 'nướng kiểu Nga', 'nướng kiểu Nga', 'Dĩa', 40000, 0, 0, 0, '', 0),
(292, 38, 'chiên giòn, nước mắm', 'chiên giòn, nước mắm', 'Dĩa', 50000, 0, 0, 0, '', 0),
(293, 38, 'nướng chao', 'nướng chao', 'Dĩa', 60000, 0, 0, 0, '', 0),
(294, 38, 'nướng sa tế', 'nướng sa tế', 'Dĩa', 60000, 0, 0, 0, '', 0),
(295, 39, 'nướng rau râm', 'nướng rau râm', 'Dĩa', 70000, 0, 0, 0, '', 0),
(296, 39, 'rang me', 'rang me', 'Dĩa', 50000, 0, 0, 0, '', 0),
(297, 39, 'nướng mọi', 'nướng mọi', 'Dĩa', 60000, 0, 0, 0, '', 0),
(298, 39, 'um lá cách', 'um lá cách', 'Dĩa', 70000, 0, 0, 0, '', 0),
(299, 40, 'Rôti', 'Rôti', 'Con', 80000, 0, 0, 0, '', 0),
(300, 40, 'nướng muối ớt', 'nướng muối ớt', 'Con', 50000, 0, 0, 0, '', 0),
(301, 40, 'xào lá cách', 'xào lá cách', 'Con', 120000, 0, 0, 0, '', 0),
(302, 40, 'quay miệt vườn', 'quay miệt vườn', 'Con', 130000, 0, 0, 0, '', 0),
(303, 42, 'Cá dứa một nắng chiên giòn', 'Cá dứa một nắng chiên giòn', 'Dĩa', 0, 0, 0, 0, '', 0),
(304, 42, 'Cá dứa một nắng chiên nước mắm', 'Cá dứa một nắng chiên nước mắm', 'Dĩa', 0, 0, 0, 0, '', 0),
(305, 42, 'Cá dứa một nắng nướng muối ớt', 'Cá dứa một nắng nướng muối ớt', 'Dĩa', 0, 0, 0, 0, '', 0),
(306, 42, 'Cá dứa một nắng ram me', 'Cá dứa một nắng ram me', 'Dĩa', 0, 0, 0, 0, '', 0),
(307, 42, 'Cá gúng chiên nước mắm', 'Cá gúng chiên nước mắm', 'Dĩa', 0, 0, 0, 0, '', 0),
(308, 42, 'Lẩu cá gúng (canh chua, măng chua, dưa cải)', 'Lẩu cá gúng (canh chua, măng chua, dưa cải)', 'Cái', 0, 0, 0, 0, '', 0),
(310, 42, 'Cá nhồng nướng muối ớt', 'Cá nhồng nướng muối ớt', 'Dĩa', 0, 0, 0, 0, '', 0),
(311, 42, 'Cá nhồng chiên nước mắm', 'Cá nhồng chiên nước mắm', 'Dĩa', 0, 0, 0, 0, '', 0),
(312, 42, 'Lẩu cá nhồng', 'Lẩu cá nhồng', 'Cái', 0, 0, 0, 0, '', 0),
(313, 42, 'Cá kèo chiên giòn', 'Cá kèo chiên giòn', 'Dĩa', 0, 0, 0, 0, '', 0),
(314, 42, 'Cá kèo nướng muối ớt', 'Cá kèo nướng muối ớt', 'Dĩa', 0, 0, 0, 0, '', 0),
(317, 42, 'Cá kèo chiên nước mắm', 'Cá kèo chiên nước mắm', 'Dĩa', 0, 0, 0, 0, '', 0),
(318, 42, 'Lẩu cá kèo lá giang', 'Lẩu cá kèo lá giang', 'Cái', 0, 0, 0, 0, '', 0),
(319, 42, 'Hàm cá nướng muối ớt xanh', 'Hàm cá nướng muối ớt xanh', 'Dĩa', 0, 0, 0, 0, '', 0),
(320, 46, 'Gỏi đu đủ thái lan', 'Gỏi đu đủ thái lan', 'Dĩa', 0, 0, 0, 0, '', 0),
(321, 46, 'Gỏi ốc đắng cải mầm', 'Gỏi ốc đắng cải mầm', 'Dĩa', 0, 0, 0, 0, '', 0),
(322, 46, 'Gỏi xoài ốc giác', 'Gỏi xoài ốc giác', 'Dĩa', 0, 0, 0, 0, '', 0),
(323, 46, 'Gỏi xoài tôm khô', 'Gỏi xoài tôm khô', 'Dĩa', 0, 0, 0, 0, '', 0),
(324, 46, 'Gỏi bò hấp thấu', 'Gỏi bò hấp thấu', 'Dĩa', 0, 0, 0, 0, '', 0),
(325, 47, 'Ốc bưu nướng tiêu, dồn thịt', 'Ốc bưu nướng tiêu, dồn thịt', 'Dĩa', 0, 0, 0, 0, '', 0),
(326, 47, 'Ốc đắng rang muối ớt, luộc sả', 'Ốc đắng rang muối ớt, luộc sả', 'Dĩa', 0, 0, 0, 0, '', 0),
(327, 47, 'Nghêu hấp sả, hấp thái', 'Nghêu hấp sả, hấp thái', 'Dĩa', 0, 0, 0, 0, '', 0),
(328, 47, 'Càng ghẹ rang me, rang muối ớt, cháy tỏi', 'Càng ghẹ rang me, rang muối ớt, cháy tỏi', 'Dĩa', 0, 0, 0, 0, '', 0),
(329, 47, 'Sò huyết nướng mọi, rang me, cháy tỏi', 'Sò huyết nướng mọi, rang me, cháy tỏi', 'Dĩa', 0, 0, 0, 0, '', 0),
(330, 47, 'Hàu nướng phô mai, mỡ hành', 'Hàu nướng phô mai, mỡ hành', 'Dĩa', 0, 0, 0, 0, '', 0),
(331, 47, 'Sò lông nướng mỡ hành', 'Sò lông nướng mỡ hành', 'Dĩa', 0, 0, 0, 0, '', 0),
(332, 47, 'Sò điệp nướng phô mai, mỡ hành', 'Sò điệp nướng phô mai, mỡ hành', 'Dĩa', 0, 0, 0, 0, '', 0),
(333, 47, 'Bạch tuột nướng muối ớt, nhúng giấm-mẻ', 'Bạch tuột nướng muối ớt, nhúng giấm-mẻ', 'Dĩa', 0, 0, 0, 0, '', 0),
(334, 47, 'Tôm chiên nước mắm nhỉ, nướng muối ớt, hấp bia, hấp nước dừa', 'Tôm chiên nước mắm nhỉ, nướng muối ớt, hấp bia, hấp nước dừa', 'Dĩa', 0, 0, 0, 0, '', 0),
(335, 47, 'Cua- Ghẹ : rang muối hột, rang me, hấp bia (tính kg)', 'Cua- Ghẹ : rang muối hột, rang me, hấp bia (tính kg)', 'Dĩa', 0, 0, 0, 0, '', 0),
(336, 47, 'Mực một nắng : chiên giòn, nướng sa tế, nướng muối ớt', 'Mực một nắng : chiên giòn, nướng sa tế, nướng muối ớt', 'Dĩa', 0, 0, 0, 0, '', 0),
(337, 48, 'lẩu cua đồng', 'lẩu cua đồng', 'Cái', 0, 0, 0, 0, '', 0),
(338, 48, 'lẩu ếch đồng măng chua', 'lẩu ếch đồng măng chua', 'Cái', 0, 0, 0, 0, '', 0),
(339, 48, 'vịt xiêm nấu măng chua', 'vịt xiêm nấu măng chua', 'Cái', 0, 0, 0, 0, '', 0),
(340, 48, 'vịt xiêm nấu dưa cải', 'vịt xiêm nấu dưa cải', 'Cái', 0, 0, 0, 0, '', 0),
(341, 48, 'lẩu thái', 'lẩu thái', 'Cái', 0, 0, 0, 0, '', 0),
(342, 48, 'lẩu nấm', 'lẩu nấm', 'Cái', 0, 0, 0, 0, '', 0),
(343, 48, 'lẩu hải sản', 'lẩu hải sản', 'Cái', 0, 0, 0, 0, '', 0),
(344, 48, 'lẩu ghẹ nấu dứa', 'lẩu ghẹ nấu dứa', 'Cái', 0, 0, 0, 0, '', 0),
(345, 49, 'Xào dưa cải', 'Xào dưa cải', 'Dĩa', 0, 0, 0, 0, '', 0),
(346, 49, 'Chiên giòn', 'Chiên giòn', 'Dĩa', 0, 0, 0, 0, '', 0),
(347, 49, 'Chiên nước mắm', 'Chiên nước mắm', 'Dĩa', 0, 0, 0, 0, '', 0),
(348, 49, 'Chiên tiêu', 'Chiên tiêu', 'Dĩa', 0, 0, 0, 0, '', 0),
(349, 50, 'Xào dưa cải', 'Xào dưa cải', 'Dĩa', 0, 0, 0, 0, '', 0),
(350, 50, 'Hầm tiêu xanh', 'Hầm tiêu xanh', 'Dĩa', 0, 0, 0, 0, '', 0),
(351, 50, 'Chiên tiêu', 'Chiên tiêu', 'Dĩa', 0, 0, 0, 0, '', 0),
(352, 50, 'Chiên nước mắm', 'Chiên nước mắm', 'Dĩa', 0, 0, 0, 0, '', 0),
(353, 50, 'Xào nắm Đông Cô', 'Xào nắm Đông Cô', 'Dĩa', 0, 0, 0, 0, '', 0);

-- --------------------------------------------------------

--
-- Table structure for table `tbl_customer`
--

CREATE TABLE IF NOT EXISTS `tbl_customer` (
  `id` int(9) NOT NULL AUTO_INCREMENT,
  `name` varchar(100) COLLATE utf8_unicode_ci NOT NULL,
  `type` int(11) NOT NULL,
  `card` varchar(15) COLLATE utf8_unicode_ci NOT NULL,
  `phone` varchar(15) COLLATE utf8_unicode_ci NOT NULL,
  `address` varchar(200) COLLATE utf8_unicode_ci NOT NULL,
  `note` varchar(100) COLLATE utf8_unicode_ci NOT NULL,
  `discount` int(11) NOT NULL,
  PRIMARY KEY (`id`)
) ENGINE=InnoDB  DEFAULT CHARSET=utf8 COLLATE=utf8_unicode_ci AUTO_INCREMENT=2 ;

--
-- Dumping data for table `tbl_customer`
--

INSERT INTO `tbl_customer` (`id`, `name`, `type`, `card`, `phone`, `address`, `note`, `discount`) VALUES
(1, 'Khách Hàng Vãng Lai', 0, '893970784300', '0945030709', '', '', 0);

-- --------------------------------------------------------

--
-- Table structure for table `tbl_domain`
--

CREATE TABLE IF NOT EXISTS `tbl_domain` (
  `id` int(11) NOT NULL AUTO_INCREMENT,
  `name` varchar(200) COLLATE utf8_unicode_ci NOT NULL,
  PRIMARY KEY (`id`)
) ENGINE=InnoDB  DEFAULT CHARSET=utf8 COLLATE=utf8_unicode_ci AUTO_INCREMENT=5 ;

--
-- Dumping data for table `tbl_domain`
--

INSERT INTO `tbl_domain` (`id`, `name`) VALUES
(1, 'KHU VỰC A'),
(2, 'KHU VỰC B'),
(4, 'KHU VỰC C');

-- --------------------------------------------------------

--
-- Table structure for table `tbl_employee`
--

CREATE TABLE IF NOT EXISTS `tbl_employee` (
  `id` int(11) NOT NULL AUTO_INCREMENT,
  `name` varchar(25) COLLATE utf8_unicode_ci NOT NULL,
  `job` varchar(50) COLLATE utf8_unicode_ci NOT NULL,
  `gender` tinyint(2) NOT NULL,
  `phone` varchar(13) COLLATE utf8_unicode_ci NOT NULL,
  `address` varchar(50) COLLATE utf8_unicode_ci NOT NULL,
  `salary_base` int(11) NOT NULL,
  PRIMARY KEY (`id`)
) ENGINE=InnoDB  DEFAULT CHARSET=utf8 COLLATE=utf8_unicode_ci AUTO_INCREMENT=7 ;

--
-- Dumping data for table `tbl_employee`
--

INSERT INTO `tbl_employee` (`id`, `name`, `job`, `gender`, `phone`, `address`, `salary_base`) VALUES
(1, 'Nguyễn Văn A', '', 1, '0946 111 222', 'Vĩnh Long', 900000),
(2, 'Trần Văn B', 'Tiếp tân', 0, '0986 222 333', 'Cần Thơ', 900000),
(3, 'Lê Thị C', 'Tiếp tân', 1, '', 'Sóc Trăng', 900000),
(4, 'Võ Thị D', 'Tiếp tân', 1, '', 'Bạc Liêu', 900000),
(5, 'Đào Thị E', 'Tiếp tân', 1, '', 'An Giang', 900000),
(6, 'Trần Văn F', 'Bảo vệ', 0, '', 'Vĩnh Long', 600000);

-- --------------------------------------------------------

--
-- Table structure for table `tbl_guest`
--

CREATE TABLE IF NOT EXISTS `tbl_guest` (
  `id` int(11) NOT NULL AUTO_INCREMENT,
  `ip` varchar(16) CHARACTER SET latin1 NOT NULL,
  `entry_time` varchar(32) CHARACTER SET latin1 NOT NULL,
  `exit_time` varchar(32) CHARACTER SET latin1 NOT NULL,
  `agent` varchar(16) CHARACTER SET latin1 NOT NULL,
  PRIMARY KEY (`id`)
) ENGINE=InnoDB  DEFAULT CHARSET=utf8 AUTO_INCREMENT=28 ;

--
-- Dumping data for table `tbl_guest`
--

INSERT INTO `tbl_guest` (`id`, `ip`, `entry_time`, `exit_time`, `agent`) VALUES
(27, '113.184.113.175', '1380879367', '1380882967', '113.184.113.175');

-- --------------------------------------------------------

--
-- Table structure for table `tbl_paid_general`
--

CREATE TABLE IF NOT EXISTS `tbl_paid_general` (
  `id` int(11) NOT NULL AUTO_INCREMENT,
  `id_term` int(11) NOT NULL,
  `date` date NOT NULL,
  `value` int(11) NOT NULL,
  `note` varchar(50) COLLATE utf8_unicode_ci DEFAULT NULL,
  PRIMARY KEY (`id`),
  KEY `tbl_paid_1` (`id_term`)
) ENGINE=InnoDB  DEFAULT CHARSET=utf8 COLLATE=utf8_unicode_ci AUTO_INCREMENT=89 ;

--
-- Dumping data for table `tbl_paid_general`
--

INSERT INTO `tbl_paid_general` (`id`, `id_term`, `date`, `value`, `note`) VALUES
(9, 10, '2013-04-01', 157000, 'Chi tiền chợ'),
(10, 10, '2013-04-02', 146000, 'Tiền chợ'),
(11, 10, '2013-04-03', 189000, 'Tiền chợ'),
(12, 10, '2013-04-04', 184000, 'Tiền chợ'),
(13, 10, '2013-04-05', 173000, 'Tiền chợ'),
(14, 10, '2013-04-06', 213000, 'Tiền chợ'),
(15, 10, '2013-04-07', 123000, 'Tiền chợ'),
(16, 10, '2013-04-08', 224000, 'Tiền chợ'),
(17, 10, '2013-04-09', 200000, 'Tiền chợ'),
(19, 11, '2013-04-09', 57000, 'Tiền mua trái cây + bông cúng'),
(20, 11, '2013-04-06', 163000, 'Chi mua đồ điện '),
(21, 11, '2013-04-08', 250000, 'Mua CB'),
(22, 11, '2013-04-07', 57000, 'Trái cây cúng+bao kiếng trái cây'),
(23, 10, '2013-04-10', 102000, 'Tiền chợ'),
(25, 10, '2013-04-11', 106000, 'Tiền chợ'),
(26, 11, '2013-04-11', 30000, 'Trái cây cúng'),
(27, 10, '2013-04-13', 163000, 'Tiền chợ'),
(28, 11, '2013-04-13', 465000, 'Tiếp khách(Công An phường)\r\n'),
(31, 11, '2013-04-14', 400000, 'Nhập bình gas'),
(32, 11, '2013-04-14', 127000, 'Bông+trái cây cúng,Khoai mon làm chả giò,Nước rửa '),
(33, 10, '2013-04-14', 221000, 'Tiền chợ'),
(34, 10, '2013-04-15', 122000, 'Tiền chợ'),
(35, 10, '2013-04-17', 222000, 'Tiền chợ'),
(36, 10, '2013-04-18', 118000, 'Tiền chợ'),
(38, 10, '2013-04-19', 122000, 'Tiền chợ'),
(39, 10, '2013-04-20', 134000, 'Tiền chợ\r\n'),
(40, 11, '2013-04-19', 38000, 'Mua tương ớt + phô mai cho khách'),
(42, 10, '2013-04-22', 120000, 'Tiền chợ\r\n'),
(43, 1, '2013-04-20', 649000, 'Tiền điện sinh hoạt'),
(45, 10, '2013-04-23', 97000, 'Tiền chợ'),
(46, 11, '2013-04-23', 34000, 'Trái cây cúng'),
(47, 10, '2013-04-24', 65000, 'Tiền chợ'),
(48, 11, '2013-04-24', 21000, 'Mua hóa đơn bán lẻ\r\n'),
(49, 10, '2013-04-25', 177000, 'Tiền chợ'),
(50, 11, '2013-04-25', 26000, 'Bông cúng+bọc đựng da cá basa'),
(51, 10, '2013-04-26', 100000, 'Tiền chợ'),
(52, 10, '2013-04-27', 102000, 'Tiền chợ'),
(53, 11, '2013-08-24', 168000, 'Trả tiền vật liệu(cát)+bình nước lọc(2 bình)'),
(54, 10, '2013-04-28', 103000, 'Tiền chợ'),
(55, 10, '2013-04-29', 126000, 'Tiền chợ'),
(56, 11, '2013-04-29', 19000, 'Muối+ớt làm rang muối'),
(57, 10, '2013-05-01', 95000, 'Tiền chợ'),
(58, 11, '2013-05-01', 24000, 'Bao kiếng trái cây(3 bao)'),
(59, 10, '2013-05-03', 183000, 'Tiền chợ'),
(60, 10, '2013-05-02', 62000, 'Tiền chợ'),
(61, 10, '2013-05-04', 85000, 'Tiền chợ'),
(62, 10, '2013-05-05', 89000, 'Tiền chợ\r\n'),
(63, 10, '2013-05-06', 32000, 'Tiền chợ'),
(64, 4, '2013-04-30', 10500000, 'Lương NV chưa tính phụ cấp'),
(65, 1, '2013-04-30', 6000000, ''),
(66, 2, '2013-04-30', 1500000, 'Tạm tính'),
(67, 10, '2013-05-07', 211000, 'Tiền chợ\r\n'),
(68, 11, '2013-05-07', 136000, 'Nấu cháo gà( Anh Khoa)\r\n'),
(69, 11, '2013-05-08', 7000, 'Mua hóa đơn bán lẻ'),
(70, 10, '2013-05-08', 115000, 'Tiền chợ'),
(71, 10, '2013-05-09', 117000, 'Tiền chợ'),
(72, 11, '2013-05-10', 6000, 'Cafe cho tài xế của khách'),
(73, 10, '2013-05-10', 81000, 'Tiền chợ'),
(74, 10, '2013-05-11', 99000, 'Tiền chợ\r\n'),
(75, 10, '2013-05-12', 330000, 'Tiền chợ'),
(76, 10, '2013-05-13', 85000, 'Tiền chợ\r\n'),
(77, 10, '2013-05-14', 74500, 'Tiền chợ'),
(78, 11, '2013-08-19', 141000, 'Mua chổi+cây lau nhà'),
(79, 3, '2013-04-30', 5600000, 'Thuế TTĐB'),
(80, 12, '2013-04-30', 3250000, 'chi tiền đầu chai cho NV'),
(81, 10, '2013-05-15', 221000, ''),
(82, 10, '2013-05-16', 106000, ''),
(83, 10, '2013-05-17', 129000, ''),
(85, 10, '2013-05-18', 99000, ''),
(86, 10, '2013-05-19', 85000, ''),
(87, 11, '2013-08-21', 414000, 'Bình gas+nguyên liệu làm motor'),
(88, 10, '2013-05-20', 40000, '');

-- --------------------------------------------------------

--
-- Table structure for table `tbl_pay_roll`
--

CREATE TABLE IF NOT EXISTS `tbl_pay_roll` (
  `id` int(11) NOT NULL AUTO_INCREMENT,
  `idemployee` int(11) NOT NULL,
  `date` date NOT NULL,
  `state` int(11) NOT NULL,
  `extra` int(11) NOT NULL,
  `late` int(11) NOT NULL,
  PRIMARY KEY (`id`),
  KEY `tbl_pay_roll_1` (`idemployee`)
) ENGINE=InnoDB  DEFAULT CHARSET=utf8 COLLATE=utf8_unicode_ci AUTO_INCREMENT=74 ;

--
-- Dumping data for table `tbl_pay_roll`
--

INSERT INTO `tbl_pay_roll` (`id`, `idemployee`, `date`, `state`, `extra`, `late`) VALUES
(8, 1, '2013-08-04', 1, 1, 30),
(9, 2, '2013-08-04', 1, 0, 5),
(10, 3, '2013-08-04', 1, 0, 10),
(11, 4, '2013-08-04', 1, 0, 15),
(12, 5, '2013-08-04', 1, 0, 20),
(13, 1, '2013-08-01', 1, 1, 10),
(14, 2, '2013-08-01', 1, 1, 60),
(15, 3, '2013-08-01', 1, 1, 20),
(16, 4, '2013-08-01', 1, 1, 80),
(17, 5, '2013-08-01', 0, 0, 0),
(18, 6, '2013-08-04', 1, 1, 0),
(19, 1, '2013-08-02', 1, 0, 0),
(20, 2, '2013-08-02', 1, 0, 0),
(21, 3, '2013-08-02', 1, 0, 0),
(22, 4, '2013-08-02', 1, 0, 0),
(23, 5, '2013-08-02', 1, 0, 0),
(24, 6, '2013-08-02', 1, 0, 0),
(25, 1, '2013-08-03', 1, 0, 0),
(26, 2, '2013-08-03', 1, 0, 0),
(27, 3, '2013-08-03', 1, 0, 0),
(28, 4, '2013-08-03', 1, 0, 0),
(29, 5, '2013-08-03', 1, 0, 0),
(30, 6, '2013-08-03', 1, 0, 0),
(31, 6, '2013-08-05', 1, 0, 0),
(32, 5, '2013-08-05', 1, 0, 0),
(33, 4, '2013-08-05', 1, 0, 0),
(34, 3, '2013-08-05', 1, 0, 0),
(35, 2, '2013-08-05', 1, 0, 0),
(36, 1, '2013-08-05', 1, 0, 0),
(37, 6, '2013-08-06', 1, 0, 0),
(38, 5, '2013-08-06', 1, 0, 0),
(39, 4, '2013-08-06', 1, 0, 0),
(40, 2, '2013-08-06', 1, 0, 0),
(41, 1, '2013-08-06', 1, 0, 0),
(42, 3, '2013-08-06', 1, 0, 0),
(43, 6, '2013-08-07', 1, 0, 0),
(44, 4, '2013-08-07', 1, 0, 0),
(45, 3, '2013-08-07', 1, 0, 0),
(46, 1, '2013-08-07', 1, 0, 0),
(47, 2, '2013-08-07', 1, 0, 0),
(48, 5, '2013-08-07', 1, 0, 0),
(49, 6, '2013-08-08', 1, 0, 0),
(50, 4, '2013-08-08', 1, 0, 0),
(51, 3, '2013-08-08', 1, 0, 0),
(52, 2, '2013-08-08', 1, 0, 0),
(53, 1, '2013-08-08', 1, 0, 0),
(54, 5, '2013-08-08', 1, 0, 0),
(55, 6, '2013-08-09', 1, 0, 0),
(56, 5, '2013-08-09', 1, 0, 0),
(57, 4, '2013-08-09', 1, 0, 0),
(58, 3, '2013-08-09', 1, 0, 0),
(59, 2, '2013-08-09', 1, 0, 0),
(60, 1, '2013-08-09', 1, 0, 0),
(61, 6, '2013-08-10', 1, 0, 0),
(62, 5, '2013-08-10', 1, 0, 0),
(63, 4, '2013-08-10', 1, 0, 0),
(64, 3, '2013-08-10', 1, 0, 0),
(65, 1, '2013-08-10', 1, 0, 0),
(66, 2, '2013-08-10', 1, 0, 0),
(67, 6, '2013-08-01', 1, 0, 20),
(68, 1, '2013-10-01', 1, 1, 10),
(69, 2, '2013-10-01', 1, 0, 0),
(70, 3, '2013-10-01', 1, 0, 0),
(71, 4, '2013-10-01', 1, 0, 0),
(72, 5, '2013-10-01', 1, 0, 0),
(73, 6, '2013-10-01', 1, 0, 15);

-- --------------------------------------------------------

--
-- Table structure for table `tbl_resource`
--

CREATE TABLE IF NOT EXISTS `tbl_resource` (
  `id` int(9) NOT NULL AUTO_INCREMENT,
  `idsupplier` int(11) NOT NULL,
  `name` varchar(100) COLLATE utf8_unicode_ci NOT NULL,
  `unit` varchar(15) COLLATE utf8_unicode_ci NOT NULL,
  `price` int(10) NOT NULL,
  `description` varchar(100) COLLATE utf8_unicode_ci NOT NULL,
  PRIMARY KEY (`id`),
  KEY `tbl_resource_1` (`idsupplier`)
) ENGINE=InnoDB  DEFAULT CHARSET=utf8 COLLATE=utf8_unicode_ci AUTO_INCREMENT=77 ;

--
-- Dumping data for table `tbl_resource`
--

INSERT INTO `tbl_resource` (`id`, `idsupplier`, `name`, `unit`, `price`, `description`) VALUES
(1, 1, 'Nước đá ống', 'Kg', 0, 'Nước đá dùng để uống trà, cafe'),
(2, 1, 'Nước đá ướp', 'Cây', 0, 'Dùng để ướp lạnh'),
(3, 1, 'Nước đá viên', 'Kg', 0, 'Viên cưa dùng uống bia'),
(14, 1, 'Nước đá tủ lạnh', 'Gói', 0, 'Nước đá lấy từ tủ lạnh nhà'),
(17, 6, 'Bánh', 'Bịch', 0, ''),
(19, 8, 'Heniken', 'Két', 313000, ''),
(20, 8, 'Heniken', 'Thùng', 362000, ''),
(21, 8, 'Sài gòn đỏ', 'Két', 132000, ''),
(22, 8, 'Sài gòn XK', 'Két', 178000, ''),
(23, 8, 'Sài Gòn XK', 'Thùng', 261500, ''),
(24, 8, 'Bia 333', 'Thùng', 207000, ''),
(25, 8, 'Tiger Bạc', 'Két', 260000, ''),
(26, 8, 'Tiger', 'Két', 238000, ''),
(27, 6, 'Xúc Xích', 'Bịch', 0, ''),
(28, 6, 'CW DOUBLEMINT', 'Hộp', 0, ''),
(29, 6, 'Chả Giò', 'Bịch', 0, ''),
(30, 6, 'Khô Bò', 'Bịch', 0, ''),
(31, 6, 'Mít Sấy', 'Bịch', 0, ''),
(32, 6, 'Đậu Phộng ', 'Bịch', 0, ''),
(34, 9, 'Trái Cây', 'Dĩa', 0, ''),
(35, 9, 'Đậu Phộng sấy', 'Bịch', 0, ''),
(36, 9, 'Đậu Phộng chiên', 'Bịch', 0, ''),
(39, 9, 'Thuốc Craven', 'Cây', 165000, ''),
(40, 9, 'Thuốc 555', 'Cây', 235000, ''),
(43, 9, 'Quẹt gas', 'Hộp', 85000, ''),
(44, 9, 'Đậu Nành', 'Gói', 3000, 'Mua ngoài'),
(45, 11, 'Cơm Cháy', 'Thùng', 350000, ''),
(46, 11, 'Cá Cơm', 'Thùng', 350000, '0'),
(58, 9, 'Khô Mực', 'Con', 0, ''),
(59, 9, 'Khô_Mực', 'Con', 0, ''),
(60, 8, 'Sting', 'Thùng', 173000, ''),
(61, 9, 'Khăn Lạnh', 'Hộp', 27000, ''),
(62, 8, 'Tiger', 'Thùng', 280000, ''),
(63, 8, 'Lavie', 'Thùng', 86000, ''),
(64, 8, 'C2', 'Thùng', 108000, ''),
(65, 9, 'Thuốc Hút', 'Cây', 155000, ''),
(66, 9, 'Bánh tráng rế', 'Bịch', 15000, 'Bánh tráng gói chả giò rế'),
(67, 9, 'Thịt ghẹ', 'Kg', 80000, 'Thịt ghẹ gói chả giò rế'),
(68, 9, 'Khoai cao', 'Kg', 30000, 'Khoai cao gói chả giò rế'),
(69, 8, '7 Up', 'Thùng', 153000, ''),
(70, 8, 'Trà Xanh', 'Thùng', 158000, ''),
(71, 8, 'Red_Bull', 'Thùng', 186000, ''),
(72, 8, 'Pepsi', 'Thùng', 153000, ''),
(73, 8, 'Cam', 'Thùng', 130000, ''),
(74, 8, 'Dr Thanh', 'Thùng', 186000, ''),
(75, 8, 'Nước Yến', 'Thùng', 142000, ''),
(76, 8, 'Sting', 'Thùng', 173000, '');

-- --------------------------------------------------------

--
-- Table structure for table `tbl_session`
--

CREATE TABLE IF NOT EXISTS `tbl_session` (
  `id` int(11) NOT NULL AUTO_INCREMENT,
  `idtable` int(11) NOT NULL,
  `iduser` int(11) NOT NULL,
  `idcustomer` int(11) NOT NULL,
  `datetime` datetime NOT NULL,
  `datetimeend` datetime DEFAULT NULL,
  `note` varchar(50) COLLATE utf8_unicode_ci NOT NULL,
  `status` int(11) NOT NULL,
  `discount_value` int(11) NOT NULL,
  `discount_percent` int(11) NOT NULL,
  `surtax` int(11) NOT NULL,
  `payment` int(11) NOT NULL,
  `value` int(11) NOT NULL,
  PRIMARY KEY (`id`),
  KEY `idtable` (`idtable`),
  KEY `iduser` (`iduser`),
  KEY `tbl_session_3` (`idcustomer`)
) ENGINE=InnoDB  DEFAULT CHARSET=utf8 COLLATE=utf8_unicode_ci AUTO_INCREMENT=1440 ;

--
-- Dumping data for table `tbl_session`
--

INSERT INTO `tbl_session` (`id`, `idtable`, `iduser`, `idcustomer`, `datetime`, `datetimeend`, `note`, `status`, `discount_value`, `discount_percent`, `surtax`, `payment`, `value`) VALUES
(1, 29, 1, 1, '2013-08-14 01:35:40', '2013-08-14 01:35:40', '', 1, 0, 10, 0, 0, 40000),
(2, 1, 1, 1, '2013-08-14 01:57:01', '2013-08-14 01:57:01', '', 1, 0, 0, 0, 0, 52000),
(3, 4, 1, 1, '2013-08-14 02:03:06', '2013-08-14 02:03:06', '', 1, 0, 0, 0, 0, 54000),
(4, 1, 2, 1, '2013-08-14 02:28:13', '2013-08-14 02:28:13', '', 1, 0, 0, 0, 0, 108000),
(5, 34, 2, 1, '2013-08-14 02:28:48', '2013-08-14 02:28:48', '', 1, 0, 0, 0, 0, 84000),
(6, 1, 1, 1, '2013-08-14 02:45:34', '2013-08-14 02:45:34', '', 1, 0, 0, 0, 0, 48000),
(8, 3, 1, 1, '2013-08-14 05:33:10', '2013-08-14 05:33:10', '', 1, 0, 0, 0, 0, 90000),
(10, 4, 1, 1, '2013-08-14 07:55:34', '2013-08-14 07:55:34', '', 1, 0, 0, 0, 0, 104000),
(11, 32, 2, 1, '2013-08-14 14:13:57', '2013-08-14 14:13:57', '', 1, 0, 0, 0, 0, 54000),
(12, 35, 2, 1, '2013-08-14 14:20:06', '2013-08-14 14:20:06', '', 1, 0, 0, 0, 0, 32000),
(14, 37, 2, 1, '2013-08-14 14:23:25', '2013-08-14 14:23:25', '', 1, 0, 20, 0, 0, 131000),
(15, 1, 2, 1, '2013-08-14 14:41:23', '2013-08-14 14:41:23', '', 1, 0, 0, 0, 0, 0),
(16, 29, 2, 1, '2013-08-14 14:47:53', '2013-08-14 14:47:53', '', 1, 0, 0, 0, 0, 50000),
(18, 35, 2, 1, '2013-08-14 14:49:24', '2013-08-14 14:49:24', '', 1, 0, 0, 0, 0, 75000),
(20, 32, 2, 1, '2013-08-14 14:59:32', '2013-08-14 14:59:32', '', 1, 0, 20, 0, 0, 50000),
(21, 1, 2, 1, '2013-08-14 15:00:30', '2013-08-14 15:00:30', '', 1, 0, 20, 0, 0, 31000),
(22, 1, 2, 1, '2013-08-14 15:08:21', '2013-08-14 15:08:21', '', 1, 0, 0, 0, 0, 111000),
(23, 31, 2, 1, '2013-08-14 15:34:40', '2013-08-14 15:34:40', '', 1, 0, 0, 0, 0, 52000),
(24, 33, 2, 1, '2013-08-14 15:36:49', '2013-08-14 15:36:49', '', 1, 0, 0, 0, 0, 0),
(25, 33, 2, 1, '2013-08-14 15:51:26', '2013-08-14 15:51:26', '', 1, 0, 20, 0, 0, 18000),
(26, 1, 2, 1, '2013-08-14 15:54:34', '2013-08-14 15:54:34', '', 1, 0, 0, 0, 0, 31000),
(27, 30, 2, 1, '2013-08-14 16:01:50', '2013-08-14 16:01:50', '', 1, 0, 0, 0, 0, 0),
(28, 30, 2, 1, '2013-08-14 16:02:05', '2013-08-14 16:02:05', '', 1, 0, 0, 0, 0, 0),
(29, 32, 2, 1, '2013-08-14 16:03:03', '2013-08-14 16:03:03', '', 1, 0, 20, 0, 0, 0),
(30, 1, 1, 1, '2013-08-14 16:26:57', '2013-08-14 16:26:57', '', 1, 0, 0, 0, 0, 0),
(31, 1, 1, 1, '2013-08-14 16:31:17', '2013-08-14 16:31:17', '', 1, 0, 0, 0, 0, 49000),
(32, 2, 1, 1, '2013-08-14 16:35:49', '2013-08-14 16:35:49', '', 1, 0, 0, 0, 0, 0),
(33, 3, 2, 1, '2013-08-15 06:32:01', '2013-08-15 06:32:01', '', 1, 0, 20, 0, 0, 24000),
(34, 2, 1, 1, '2013-08-15 06:42:30', '2013-08-15 06:42:30', '', 1, 0, 20, 0, 0, 59000),
(35, 40, 1, 1, '2013-08-15 06:43:23', '2013-08-15 06:43:23', '', 1, 0, 20, 0, 0, 88000),
(36, 34, 1, 1, '2013-08-15 06:47:20', '2013-08-15 06:47:20', '', 1, 0, 20, 0, 0, 16000),
(37, 45, 1, 1, '2013-08-15 06:54:54', '2013-08-15 06:54:54', '', 1, 0, 20, 0, 0, 24000),
(38, 1, 1, 1, '2013-08-15 06:56:27', '2013-08-15 06:56:27', '', 1, 0, 20, 0, 0, 24000),
(39, 31, 1, 1, '2013-08-15 07:00:28', '2013-08-15 07:00:28', '', 1, 0, 20, 0, 0, 77000),
(40, 4, 1, 1, '2013-08-15 07:03:48', '2013-08-15 07:03:48', '', 1, 0, 20, 0, 0, 32000),
(41, 32, 1, 1, '2013-08-15 07:04:42', '2013-08-15 07:04:42', '', 1, 0, 20, 0, 0, 16000),
(42, 49, 1, 1, '2013-08-15 07:06:13', '2013-08-15 07:06:13', '', 1, 0, 20, 0, 0, 24000),
(43, 51, 1, 1, '2013-08-15 07:10:12', '2013-08-15 07:10:12', '', 1, 0, 20, 0, 0, 8000),
(44, 51, 1, 1, '2013-08-15 07:12:06', '2013-08-15 07:12:06', '', 1, 0, 20, 0, 0, 32000),
(45, 33, 1, 1, '2013-08-15 07:14:51', '2013-08-15 07:14:51', '', 1, 0, 20, 0, 0, 16000),
(46, 28, 1, 1, '2013-08-15 07:17:45', '2013-08-15 07:17:45', '', 1, 0, 20, 0, 0, 14000),
(47, 30, 1, 1, '2013-08-15 07:41:42', '2013-08-15 07:41:42', '', 1, 0, 20, 0, 0, 12000),
(48, 34, 1, 1, '2013-08-15 07:51:55', '2013-08-15 07:51:55', '', 1, 0, 20, 0, 0, 35000),
(49, 40, 1, 1, '2013-08-15 07:52:57', '2013-08-15 07:52:57', '', 1, 0, 20, 0, 0, 0),
(50, 3, 1, 1, '2013-08-15 07:53:44', '2013-08-15 07:53:44', '', 1, 0, 20, 0, 0, 22000),
(51, 4, 1, 1, '2013-08-15 07:59:37', '2013-08-15 07:59:37', '', 1, 0, 20, 0, 0, 22000),
(52, 1, 1, 1, '2013-08-15 08:02:05', '2013-08-15 08:02:05', '', 1, 0, 20, 0, 0, 24000),
(53, 2, 1, 1, '2013-08-15 08:02:45', '2013-08-15 08:02:45', '', 1, 0, 20, 0, 0, 8000),
(54, 35, 1, 1, '2013-08-15 08:09:20', '2013-08-15 08:09:20', '', 1, 0, 20, 0, 0, 8000),
(55, 33, 1, 1, '2013-08-15 08:15:55', '2013-08-15 08:15:55', '', 1, 0, 20, 0, 0, 11000),
(56, 45, 1, 1, '2013-08-15 08:16:38', '2013-08-15 08:16:38', '', 1, 0, 20, 0, 0, 8000),
(57, 41, 1, 1, '2013-08-15 08:18:03', '2013-08-15 08:18:03', '', 1, 0, 20, 0, 0, 46000),
(58, 44, 1, 1, '2013-08-15 08:18:50', '2013-08-15 08:18:50', '', 1, 0, 20, 0, 0, 18000),
(59, 32, 1, 1, '2013-08-15 08:30:41', '2013-08-15 08:30:41', '', 1, 0, 20, 0, 0, 14000),
(60, 4, 1, 1, '2013-08-15 08:32:59', '2013-08-15 08:32:59', '', 1, 0, 20, 0, 0, 22000),
(61, 32, 1, 1, '2013-08-15 08:37:53', '2013-08-15 08:37:53', '', 1, 0, 20, 0, 0, 35000),
(62, 29, 1, 1, '2013-08-15 08:38:10', '2013-08-15 08:38:10', '', 1, 0, 20, 0, 0, 24000),
(63, 47, 1, 1, '2013-08-15 08:38:47', '2013-08-15 08:38:47', '', 1, 0, 20, 0, 0, 16000),
(64, 34, 1, 1, '2013-08-15 08:43:36', '2013-08-15 08:43:36', '', 1, 0, 20, 0, 0, 8000),
(65, 45, 1, 1, '2013-08-15 08:47:00', '2013-08-15 08:47:00', '', 1, 0, 20, 0, 0, 26000),
(66, 46, 1, 1, '2013-08-15 08:47:18', '2013-08-15 08:47:18', '', 1, 0, 20, 0, 0, 32000),
(67, 38, 1, 1, '2013-08-15 08:49:10', '2013-08-15 08:49:10', '', 1, 0, 20, 0, 0, 27000),
(68, 43, 1, 1, '2013-08-15 08:49:30', '2013-08-15 08:49:30', '', 1, 0, 20, 0, 0, 16000),
(69, 3, 1, 1, '2013-08-15 08:50:48', '2013-08-15 08:50:48', '', 1, 0, 20, 0, 0, 24000),
(70, 44, 1, 1, '2013-08-15 08:56:06', '2013-08-15 08:56:06', '', 1, 0, 20, 0, 0, 8000),
(71, 36, 1, 1, '2013-08-15 09:06:28', '2013-08-15 09:06:28', '', 1, 0, 20, 0, 0, 19000),
(72, 37, 1, 1, '2013-08-15 09:11:11', '2013-08-15 09:11:11', '', 1, 0, 20, 0, 0, 16000),
(73, 47, 1, 1, '2013-08-15 09:18:22', '2013-08-15 09:18:22', '', 1, 0, 20, 0, 0, 8000),
(74, 41, 1, 1, '2013-08-15 09:25:21', '2013-08-15 09:25:21', '', 1, 0, 20, 0, 0, 43000),
(75, 31, 1, 1, '2013-08-15 09:28:16', '2013-08-15 09:28:16', '', 1, 0, 20, 0, 0, 58000),
(76, 45, 1, 1, '2013-08-15 09:34:56', '2013-08-15 09:34:56', '', 1, 0, 20, 0, 0, 19000),
(77, 48, 1, 1, '2013-08-15 09:37:05', '2013-08-15 09:37:05', '', 1, 0, 0, 0, 0, 0),
(78, 44, 1, 1, '2013-08-15 09:51:41', '2013-08-15 09:51:41', '', 1, 0, 20, 0, 0, 8000),
(79, 32, 1, 1, '2013-08-15 09:52:22', '2013-08-15 09:52:22', '', 1, 0, 20, 0, 0, 30000),
(80, 34, 1, 1, '2013-08-15 09:53:07', '2013-08-15 09:53:07', '', 1, 0, 20, 0, 0, 16000),
(81, 31, 1, 1, '2013-08-15 09:54:24', '2013-08-15 09:54:24', '', 1, 0, 20, 0, 0, 16000),
(82, 46, 1, 1, '2013-08-15 10:12:29', '2013-08-15 10:12:29', '', 1, 0, 0, 0, 0, 0),
(83, 30, 1, 1, '2013-08-15 10:12:42', '2013-08-15 10:12:42', '', 1, 0, 20, 0, 0, 10000),
(84, 32, 1, 1, '2013-08-15 10:31:43', '2013-08-15 10:31:43', '', 1, 0, 20, 0, 0, 34000),
(85, 33, 1, 1, '2013-08-15 10:35:00', '2013-08-15 10:35:00', '', 1, 0, 20, 0, 0, 37000),
(86, 45, 1, 1, '2013-08-15 10:42:35', '2013-08-15 10:42:35', '', 1, 0, 20, 0, 0, 32000),
(87, 44, 1, 1, '2013-08-15 10:50:17', '2013-08-15 10:50:17', '', 1, 0, 20, 0, 0, 16000),
(88, 35, 1, 1, '2013-08-15 10:56:34', '2013-08-15 10:56:34', '', 1, 0, 20, 0, 0, 16000),
(89, 39, 1, 1, '2013-08-15 11:04:55', '2013-08-15 11:04:55', '', 1, 0, 20, 0, 0, 24000),
(90, 40, 1, 1, '2013-08-15 11:17:13', '2013-08-15 11:17:13', '', 1, 0, 20, 0, 0, 20000),
(91, 45, 1, 1, '2013-08-15 11:26:49', '2013-08-15 11:26:49', '', 1, 0, 20, 0, 0, 72000),
(92, 33, 1, 1, '2013-08-15 11:27:53', '2013-08-15 11:27:53', '', 1, 0, 20, 0, 0, 46000),
(93, 29, 1, 1, '2013-08-15 11:34:50', '2013-08-15 11:34:50', '', 1, 0, 20, 0, 0, 27000),
(94, 30, 1, 1, '2013-08-15 11:39:08', '2013-08-15 11:39:08', '', 1, 0, 20, 0, 0, 8000),
(95, 35, 1, 1, '2013-08-15 11:54:49', '2013-08-15 11:54:49', '', 1, 0, 20, 0, 0, 24000),
(96, 43, 1, 1, '2013-08-15 12:09:46', '2013-08-15 12:09:46', '', 1, 0, 20, 0, 0, 47000),
(97, 33, 1, 1, '2013-08-15 12:16:17', '2013-08-15 12:16:17', '', 1, 0, 20, 0, 0, 33000),
(98, 43, 1, 1, '2013-08-15 12:22:22', '2013-08-15 12:22:22', '', 1, 0, 20, 0, 0, 68000),
(99, 45, 2, 1, '2013-08-15 13:00:07', '2013-08-15 13:00:07', '', 1, 0, 20, 0, 0, 8000),
(100, 40, 2, 1, '2013-08-15 13:10:02', '2013-08-15 13:10:02', '', 1, 0, 20, 0, 0, 36000),
(101, 44, 2, 1, '2013-08-15 13:15:13', '2013-08-15 13:15:13', '', 1, 0, 20, 0, 0, 40000),
(102, 31, 2, 1, '2013-08-15 13:48:30', '2013-08-15 13:48:30', '', 1, 0, 20, 0, 0, 8000),
(103, 35, 2, 1, '2013-08-15 13:56:55', '2013-08-15 13:56:55', '', 1, 0, 20, 0, 0, 54000),
(104, 33, 2, 1, '2013-08-15 13:59:50', '2013-08-15 13:59:50', '', 1, 0, 20, 0, 0, 8000),
(105, 32, 2, 1, '2013-08-15 14:04:10', '2013-08-15 14:04:10', '', 1, 0, 20, 0, 0, 16000),
(106, 30, 2, 1, '2013-08-15 14:07:15', '2013-08-15 14:07:15', '', 1, 0, 20, 0, 0, 19000),
(107, 33, 2, 1, '2013-08-15 14:23:33', '2013-08-15 14:23:33', '', 1, 0, 20, 0, 0, 24000),
(108, 49, 2, 1, '2013-08-15 14:27:17', '2013-08-15 14:27:17', '', 1, 0, 20, 0, 0, 8000),
(109, 29, 2, 1, '2013-08-15 14:36:15', '2013-08-15 14:36:15', '', 1, 0, 20, 0, 0, 20000),
(110, 36, 2, 1, '2013-08-15 14:44:08', '2013-08-15 14:44:08', '', 1, 0, 20, 0, 0, 70000),
(111, 43, 2, 1, '2013-08-15 14:45:59', '2013-08-15 14:45:59', '', 1, 0, 20, 0, 0, 36000),
(112, 40, 2, 1, '2013-08-15 14:51:35', '2013-08-15 14:51:35', '', 1, 0, 20, 0, 0, 24000),
(113, 39, 2, 1, '2013-08-15 14:54:21', '2013-08-15 14:54:21', '', 1, 0, 20, 0, 0, 16000),
(114, 45, 2, 1, '2013-08-15 14:54:57', '2013-08-15 14:54:57', '', 1, 0, 20, 0, 0, 193000),
(115, 37, 2, 1, '2013-08-15 15:00:11', '2013-08-15 15:00:11', '', 1, 0, 20, 0, 0, 8000),
(116, 41, 2, 1, '2013-08-15 15:02:38', '2013-08-15 15:02:38', '', 1, 0, 20, 0, 0, 8000),
(117, 30, 2, 1, '2013-08-15 15:18:44', '2013-08-15 15:18:44', '', 1, 0, 20, 0, 0, 50000),
(118, 32, 2, 1, '2013-08-15 15:19:41', '2013-08-15 15:19:41', '', 1, 0, 20, 0, 0, 24000),
(119, 31, 2, 1, '2013-08-15 15:21:13', '2013-08-15 15:21:13', '', 1, 0, 20, 0, 0, 35000),
(120, 44, 2, 1, '2013-08-15 15:24:35', '2013-08-15 15:24:35', '', 1, 0, 20, 0, 0, 30000),
(121, 29, 2, 1, '2013-08-15 15:35:05', '2013-08-15 15:35:05', '', 1, 0, 20, 0, 0, 82000),
(122, 37, 2, 1, '2013-08-15 15:38:33', '2013-08-15 15:38:33', '', 1, 0, 20, 0, 0, 36000),
(123, 40, 2, 1, '2013-08-15 15:45:45', '2013-08-15 15:45:45', '', 1, 0, 20, 0, 0, 8000),
(124, 32, 2, 1, '2013-08-15 16:54:56', '2013-08-15 16:54:56', '', 1, 0, 20, 0, 0, 24000),
(125, 4, 2, 1, '2013-08-15 17:32:41', '2013-08-15 17:32:41', '', 1, 0, 20, 0, 0, 32000),
(126, 28, 2, 1, '2013-08-15 17:56:32', '2013-08-15 17:56:32', '', 1, 0, 20, 0, 0, 8000),
(127, 32, 2, 1, '2013-08-15 17:57:01', '2013-08-15 17:57:01', '', 1, 0, 20, 0, 0, 59000),
(128, 2, 2, 1, '2013-08-15 18:02:12', '2013-08-15 18:02:12', '', 1, 0, 20, 0, 0, 31000),
(129, 40, 2, 1, '2013-08-15 18:10:58', '2013-08-15 18:10:58', '', 1, 0, 20, 0, 0, 24000),
(130, 4, 2, 1, '2013-08-15 18:13:25', '2013-08-15 18:13:25', '', 1, 0, 20, 0, 0, 8000),
(131, 3, 2, 1, '2013-08-15 18:15:50', '2013-08-15 18:15:50', '', 1, 0, 20, 0, 0, 14000),
(132, 44, 2, 1, '2013-08-15 18:17:02', '2013-08-15 18:17:02', '', 1, 0, 20, 0, 0, 8000),
(133, 3, 2, 1, '2013-08-15 18:18:29', '2013-08-15 18:18:29', '', 1, 0, 20, 0, 0, 53000),
(134, 43, 2, 1, '2013-08-15 18:20:27', '2013-08-15 18:20:27', '', 1, 0, 20, 0, 0, 24000),
(135, 28, 2, 1, '2013-08-15 18:34:15', '2013-08-15 18:34:15', '', 1, 0, 20, 0, 0, 37000),
(136, 31, 2, 1, '2013-08-15 18:38:18', '2013-08-15 18:38:18', '', 1, 0, 20, 0, 0, 24000),
(137, 41, 2, 1, '2013-08-15 18:46:22', '2013-08-15 18:46:22', '', 1, 0, 20, 0, 0, 11000),
(138, 33, 2, 1, '2013-08-15 18:53:59', '2013-08-15 18:53:59', '', 1, 0, 20, 0, 0, 22000),
(139, 45, 2, 1, '2013-08-15 18:56:23', '2013-08-15 18:56:23', '', 1, 0, 20, 0, 0, 22000),
(140, 35, 2, 1, '2013-08-15 18:57:10', '2013-08-15 18:57:10', '', 1, 0, 10, 0, 0, 63000),
(141, 39, 2, 1, '2013-08-15 18:58:50', '2013-08-15 18:58:50', '', 1, 0, 20, 0, 0, 28000),
(142, 43, 2, 1, '2013-08-15 19:03:00', '2013-08-15 19:03:00', '', 1, 0, 20, 0, 0, 35000),
(143, 44, 2, 1, '2013-08-15 19:06:56', '2013-08-15 19:06:56', '', 1, 0, 20, 0, 0, 40000),
(144, 30, 2, 1, '2013-08-15 19:10:29', '2013-08-15 19:10:29', '', 1, 0, 20, 0, 0, 29000),
(145, 4, 2, 1, '2013-08-15 19:20:05', '2013-08-15 19:20:05', '', 1, 0, 20, 0, 0, 27000),
(146, 32, 2, 1, '2013-08-15 19:21:34', '2013-08-15 19:21:34', '', 1, 0, 20, 0, 0, 24000),
(147, 34, 2, 1, '2013-08-15 19:22:59', '2013-08-15 19:22:59', '', 1, 0, 20, 0, 0, 22000),
(148, 37, 2, 1, '2013-08-15 19:29:24', '2013-08-15 19:29:24', '', 1, 0, 20, 0, 0, 42000),
(149, 39, 2, 1, '2013-08-15 19:32:02', '2013-08-15 19:32:02', '', 1, 0, 20, 0, 0, 38000),
(150, 29, 2, 1, '2013-08-15 19:35:54', '2013-08-15 19:35:54', '', 1, 0, 20, 0, 0, 32000),
(151, 38, 2, 1, '2013-08-15 19:37:34', '2013-08-15 19:37:34', '', 1, 0, 20, 0, 0, 35000),
(152, 36, 2, 1, '2013-08-15 19:38:01', '2013-08-15 19:38:01', '', 1, 0, 20, 0, 0, 29000),
(153, 1, 2, 1, '2013-08-15 19:45:17', '2013-08-15 19:45:17', '', 1, 0, 20, 0, 0, 22000),
(154, 28, 2, 1, '2013-08-15 19:45:53', '2013-08-15 19:45:53', '', 1, 0, 20, 0, 0, 21000),
(155, 43, 2, 1, '2013-08-15 19:48:45', '2013-08-15 19:48:45', '', 1, 0, 20, 0, 0, 32000),
(156, 3, 2, 1, '2013-08-15 19:53:16', '2013-08-15 19:53:16', '', 1, 0, 20, 0, 0, 39000),
(157, 2, 2, 1, '2013-08-15 20:01:48', '2013-08-15 20:01:48', '', 1, 0, 20, 0, 0, 22000),
(158, 3, 2, 1, '2013-08-15 20:02:10', '2013-08-15 20:02:10', '', 1, 0, 20, 0, 0, 26000),
(159, 31, 2, 1, '2013-08-15 20:07:05', '2013-08-15 20:07:05', '', 1, 0, 20, 0, 0, 8000),
(160, 42, 2, 1, '2013-08-15 20:10:37', '2013-08-15 20:10:37', '', 1, 0, 20, 0, 0, 22000),
(161, 41, 2, 1, '2013-08-15 20:16:28', '2013-08-15 20:16:28', '', 1, 0, 20, 0, 0, 19000),
(162, 28, 2, 1, '2013-08-15 20:19:32', '2013-08-15 20:19:32', '', 1, 0, 20, 0, 0, 24000),
(163, 33, 2, 1, '2013-08-15 20:26:03', '2013-08-15 20:26:03', '', 1, 0, 20, 0, 0, 16000),
(164, 32, 2, 1, '2013-08-15 20:42:43', '2013-08-15 20:42:43', '', 1, 0, 20, 0, 0, 38000),
(165, 4, 2, 1, '2013-08-15 20:43:01', '2013-08-15 20:43:01', '', 1, 0, 20, 0, 0, 16000),
(166, 40, 2, 1, '2013-08-15 20:53:19', '2013-08-15 20:53:19', '', 1, 0, 20, 0, 0, 24000),
(167, 34, 2, 1, '2013-08-15 20:55:00', '2013-08-15 20:55:00', '', 1, 0, 20, 0, 0, 19000),
(168, 45, 2, 1, '2013-08-15 21:04:21', '2013-08-15 21:04:21', '', 1, 0, 20, 0, 0, 49000),
(169, 1, 2, 1, '2013-08-15 21:07:18', '2013-08-15 21:07:18', '', 1, 0, 20, 0, 0, 22000),
(170, 31, 2, 1, '2013-08-15 21:14:24', '2013-08-15 21:14:24', '', 1, 0, 20, 0, 0, 19000),
(171, 2, 2, 1, '2013-08-15 21:26:22', '2013-08-15 21:26:22', '', 1, 0, 20, 0, 0, 64000),
(172, 39, 2, 1, '2013-08-15 21:47:55', '2013-08-15 21:47:55', '', 1, 0, 20, 0, 0, 56000),
(173, 28, 2, 1, '2013-08-15 22:11:06', '2013-08-15 22:11:06', '', 1, 0, 20, 0, 0, 24000),
(174, 1, 2, 1, '2013-08-16 06:26:38', '2013-08-16 06:26:38', '', 1, 0, 20, 0, 0, 24000),
(175, 38, 2, 1, '2013-08-16 06:44:04', '2013-08-16 06:44:04', '', 1, 0, 20, 0, 0, 24000),
(176, 2, 2, 1, '2013-08-16 06:44:41', '2013-08-16 06:44:41', '', 1, 0, 20, 0, 0, 24000),
(177, 4, 2, 1, '2013-08-16 06:58:22', '2013-08-16 06:58:22', '', 1, 0, 20, 0, 0, 37000),
(178, 31, 2, 1, '2013-08-16 07:15:38', '2013-08-16 07:15:38', '', 1, 0, 20, 0, 0, 28000),
(179, 2, 2, 1, '2013-08-16 07:20:15', '2013-08-16 07:20:15', '', 1, 0, 20, 0, 0, 16000),
(180, 28, 2, 1, '2013-08-16 07:34:46', '2013-08-16 07:34:46', '', 1, 0, 20, 0, 0, 34000),
(181, 45, 2, 1, '2013-08-16 07:43:08', '2013-08-16 07:43:08', '', 1, 0, 20, 0, 0, 11000),
(182, 40, 2, 1, '2013-08-16 07:45:17', '2013-08-16 07:45:17', '', 1, 0, 20, 0, 0, 16000),
(183, 39, 2, 1, '2013-08-16 07:48:52', '2013-08-16 07:48:52', '', 1, 0, 20, 0, 0, 16000),
(184, 31, 2, 1, '2013-08-16 07:49:15', '2013-08-16 07:49:15', '', 1, 0, 20, 0, 0, 43000),
(185, 38, 2, 1, '2013-08-16 07:51:36', '2013-08-16 07:51:36', '', 1, 0, 20, 0, 0, 20000),
(186, 45, 2, 1, '2013-08-16 07:57:24', '2013-08-16 07:57:24', '', 1, 0, 20, 0, 0, 40000),
(187, 49, 2, 1, '2013-08-16 08:06:02', '2013-08-16 08:06:02', '', 1, 0, 20, 0, 0, 16000),
(188, 43, 2, 1, '2013-08-16 08:12:06', '2013-08-16 08:12:06', '', 1, 0, 20, 0, 0, 32000),
(189, 36, 2, 1, '2013-08-16 08:17:59', '2013-08-16 08:17:59', '', 1, 0, 20, 0, 0, 20000),
(190, 28, 2, 1, '2013-08-16 08:22:15', '2013-08-16 08:22:15', '', 1, 0, 20, 0, 0, 16000),
(191, 34, 2, 1, '2013-08-16 08:26:07', '2013-08-16 08:26:07', '', 1, 0, 20, 0, 0, 8000),
(192, 32, 2, 1, '2013-08-16 08:28:57', '2013-08-16 08:28:57', '', 1, 0, 20, 0, 0, 20000),
(193, 41, 2, 1, '2013-08-16 08:30:07', '2013-08-16 08:30:07', '', 1, 0, 20, 0, 0, 16000),
(194, 30, 2, 1, '2013-08-16 08:39:50', '2013-08-16 08:39:50', '', 1, 0, 20, 0, 0, 32000),
(195, 35, 2, 1, '2013-08-16 08:42:15', '2013-08-16 08:42:15', '', 1, 0, 20, 0, 0, 19000),
(196, 34, 2, 1, '2013-08-16 08:56:39', '2013-08-16 08:56:39', '', 1, 0, 20, 0, 0, 38000),
(197, 35, 2, 1, '2013-08-16 09:03:40', '2013-08-16 09:03:40', '', 1, 0, 20, 0, 0, 24000),
(198, 41, 2, 1, '2013-08-16 09:04:19', '2013-08-16 09:04:19', '', 1, 0, 20, 0, 0, 32000),
(199, 33, 2, 1, '2013-08-16 09:06:36', '2013-08-16 09:06:36', '', 1, 0, 20, 0, 0, 34000),
(200, 40, 2, 1, '2013-08-16 09:09:12', '2013-08-16 09:09:12', '', 1, 0, 20, 0, 0, 19000),
(201, 31, 2, 1, '2013-08-16 09:10:36', '2013-08-16 09:10:36', '', 1, 0, 20, 0, 0, 24000),
(202, 38, 2, 1, '2013-08-16 09:12:44', '2013-08-16 09:12:44', '', 1, 0, 20, 0, 0, 16000),
(204, 39, 2, 1, '2013-08-16 09:15:47', '2013-08-16 09:15:47', '', 1, 0, 20, 0, 0, 14000),
(205, 45, 2, 1, '2013-08-16 09:17:20', '2013-08-16 09:17:20', '', 1, 0, 20, 0, 0, 32000),
(206, 37, 2, 1, '2013-08-16 09:21:45', '2013-08-16 09:21:45', '', 1, 0, 20, 0, 0, 24000),
(207, 44, 2, 1, '2013-08-16 09:23:02', '2013-08-16 09:23:02', '', 1, 0, 20, 0, 0, 16000),
(208, 36, 2, 1, '2013-08-16 09:29:53', '2013-08-16 09:29:53', '', 1, 0, 20, 0, 0, 29000),
(209, 42, 2, 1, '2013-08-16 09:33:43', '2013-08-16 09:33:43', '', 1, 0, 20, 0, 0, 16000),
(210, 39, 2, 1, '2013-08-16 09:37:44', '2013-08-16 09:37:44', '', 1, 0, 20, 0, 0, 16000),
(211, 43, 2, 1, '2013-08-16 09:49:55', '2013-08-16 09:49:55', '', 1, 0, 20, 0, 0, 22000),
(212, 41, 2, 1, '2013-08-16 09:58:06', '2013-08-16 09:58:06', '', 1, 0, 20, 0, 0, 16000),
(213, 32, 2, 1, '2013-08-16 09:59:13', '2013-08-16 09:59:13', '', 1, 0, 20, 0, 0, 32000),
(215, 29, 2, 1, '2013-08-16 10:00:01', '2013-08-16 10:00:01', '', 1, 0, 20, 0, 0, 24000),
(216, 38, 2, 1, '2013-08-16 10:00:18', '2013-08-16 10:00:18', '', 1, 0, 20, 0, 0, 36000),
(217, 43, 2, 1, '2013-08-16 10:16:17', '2013-08-16 10:16:17', '', 1, 0, 20, 0, 0, 8000),
(218, 33, 2, 1, '2013-08-16 10:27:04', '2013-08-16 10:27:04', '', 1, 0, 20, 0, 0, 12000),
(219, 40, 2, 1, '2013-08-16 10:27:24', '2013-08-16 10:27:24', '', 1, 0, 20, 0, 0, 8000),
(220, 33, 2, 1, '2013-08-16 10:37:43', '2013-08-16 10:37:43', '', 1, 0, 20, 0, 0, 20000),
(221, 31, 2, 1, '2013-08-16 10:38:37', '2013-08-16 10:38:37', '', 1, 0, 20, 0, 0, 64000),
(222, 45, 2, 1, '2013-08-16 10:39:38', '2013-08-16 10:39:38', '', 1, 0, 20, 0, 0, 35000),
(223, 38, 2, 1, '2013-08-16 11:17:56', '2013-08-16 11:17:56', '', 1, 0, 20, 0, 0, 54000),
(224, 43, 2, 1, '2013-08-16 11:18:26', '2013-08-16 11:18:26', '', 1, 0, 20, 0, 0, 16000),
(225, 30, 2, 1, '2013-08-16 11:19:49', '2013-08-16 11:19:49', '', 1, 0, 20, 0, 0, 8000),
(226, 40, 2, 1, '2013-08-16 11:20:16', '2013-08-16 11:20:16', '', 1, 0, 20, 0, 0, 0),
(227, 32, 2, 1, '2013-08-16 11:30:03', '2013-08-16 11:30:03', '', 1, 0, 20, 0, 0, 8000),
(228, 41, 2, 1, '2013-08-16 11:34:26', '2013-08-16 11:34:26', '', 1, 0, 20, 0, 0, 32000),
(229, 32, 2, 1, '2013-08-16 11:37:01', '2013-08-16 11:37:01', '', 1, 0, 20, 0, 0, 16000),
(230, 40, 2, 1, '2013-08-16 11:37:28', '2013-08-16 11:37:28', '', 1, 0, 20, 0, 0, 52000),
(231, 33, 2, 1, '2013-08-16 11:47:55', '2013-08-16 11:47:55', '', 1, 0, 20, 0, 0, 27000),
(232, 43, 2, 1, '2013-08-16 11:52:46', '2013-08-16 11:52:46', '', 1, 0, 20, 0, 0, 8000),
(233, 34, 2, 1, '2013-08-16 12:19:11', '2013-08-16 12:19:11', '', 1, 0, 20, 0, 0, 44000),
(234, 43, 2, 1, '2013-08-16 12:31:38', '2013-08-16 12:31:38', '', 1, 0, 20, 0, 0, 29000),
(235, 30, 2, 1, '2013-08-16 12:33:25', '2013-08-16 12:33:25', '', 1, 0, 20, 0, 0, 43000),
(236, 39, 2, 1, '2013-08-16 12:48:13', '2013-08-16 12:48:13', '', 1, 0, 20, 0, 0, 12000),
(237, 44, 2, 1, '2013-08-16 12:50:04', '2013-08-16 12:50:04', '', 1, 0, 20, 0, 0, 8000),
(238, 29, 2, 1, '2013-08-16 12:55:55', '2013-08-16 12:55:55', '', 1, 0, 20, 0, 0, 12000),
(239, 33, 2, 1, '2013-08-16 12:56:50', '2013-08-16 12:56:50', '', 1, 0, 20, 0, 0, 43000),
(240, 32, 2, 1, '2013-08-16 12:58:44', '2013-08-16 12:58:44', '', 1, 0, 20, 0, 0, 9000),
(241, 45, 2, 1, '2013-08-16 13:07:32', '2013-08-16 13:07:32', '', 1, 0, 20, 0, 0, 8000),
(242, 49, 2, 1, '2013-08-16 13:22:56', '2013-08-16 13:22:56', '', 1, 0, 20, 0, 0, 16000),
(243, 49, 2, 1, '2013-08-16 13:28:24', '2013-08-16 13:28:24', '', 1, 0, 0, 0, 0, 24000),
(244, 40, 2, 1, '2013-08-16 13:30:19', '2013-08-16 13:30:19', '', 1, 0, 20, 0, 0, 24000),
(245, 45, 2, 1, '2013-08-16 13:30:39', '2013-08-16 13:30:39', '', 1, 0, 20, 0, 0, 8000),
(246, 39, 2, 1, '2013-08-16 13:47:38', '2013-08-16 13:47:38', '', 1, 0, 20, 0, 0, 37000),
(247, 31, 2, 1, '2013-08-16 13:48:07', '2013-08-16 13:48:07', '', 1, 0, 20, 0, 0, 21000),
(248, 43, 2, 1, '2013-08-16 13:48:49', '2013-08-16 13:48:49', '', 1, 0, 20, 0, 0, 8000),
(249, 43, 2, 1, '2013-08-16 13:59:50', '2013-08-16 13:59:50', '', 1, 0, 20, 0, 0, 28000),
(250, 33, 2, 1, '2013-08-16 14:05:13', '2013-08-16 14:05:13', '', 1, 0, 20, 0, 0, 32000),
(251, 32, 2, 1, '2013-08-16 14:13:07', '2013-08-16 14:13:07', '', 1, 0, 20, 0, 0, 22000),
(252, 37, 2, 1, '2013-08-16 14:30:16', '2013-08-16 14:30:16', '', 1, 0, 20, 0, 0, 16000),
(253, 44, 2, 1, '2013-08-16 14:46:13', '2013-08-16 14:46:13', '', 1, 0, 20, 0, 0, 16000),
(254, 34, 2, 1, '2013-08-16 15:09:31', '2013-08-16 15:09:31', '', 1, 0, 20, 0, 0, 30000),
(255, 32, 2, 1, '2013-08-16 15:26:27', '2013-08-16 15:26:27', '', 1, 0, 20, 0, 0, 36000),
(256, 31, 2, 1, '2013-08-16 15:32:16', '2013-08-16 15:32:16', '', 1, 0, 20, 0, 0, 8000),
(257, 40, 2, 1, '2013-08-16 15:42:09', '2013-08-16 15:42:09', '', 1, 0, 20, 0, 0, 8000),
(258, 39, 2, 1, '2013-08-16 15:51:56', '2013-08-16 15:51:56', '', 1, 0, 20, 0, 0, 16000),
(259, 42, 2, 1, '2013-08-16 16:23:27', '2013-08-16 16:23:27', '', 1, 0, 20, 0, 0, 8000),
(260, 45, 2, 1, '2013-08-16 16:29:29', '2013-08-16 16:29:29', '', 1, 0, 20, 0, 0, 10000),
(261, 39, 2, 1, '2013-08-16 16:34:23', '2013-08-16 16:34:23', '', 1, 0, 20, 0, 0, 21000),
(262, 45, 2, 1, '2013-08-16 17:23:31', '2013-08-16 17:23:31', '', 1, 0, 20, 0, 0, 38000),
(263, 39, 2, 1, '2013-08-16 17:31:36', '2013-08-16 17:31:36', '', 1, 0, 20, 0, 0, 16000),
(264, 43, 2, 1, '2013-08-16 17:42:15', '2013-08-16 17:42:15', '', 1, 0, 20, 0, 0, 22000),
(265, 32, 2, 1, '2013-08-16 17:46:59', '2013-08-16 17:46:59', '', 1, 0, 20, 0, 0, 19000),
(266, 33, 2, 1, '2013-08-16 18:08:04', '2013-08-16 18:08:04', '', 1, 0, 20, 0, 0, 17000),
(267, 41, 2, 1, '2013-08-16 18:31:02', '2013-08-16 18:31:02', '', 1, 0, 20, 0, 0, 21000),
(268, 30, 2, 1, '2013-08-16 18:42:20', '2013-08-16 18:42:20', '', 1, 0, 20, 0, 0, 45000),
(269, 29, 2, 1, '2013-08-16 18:44:36', '2013-08-16 18:44:36', '', 1, 0, 20, 0, 0, 117000),
(270, 2, 2, 1, '2013-08-16 18:46:03', '2013-08-16 18:46:03', '', 1, 0, 20, 0, 0, 80000),
(271, 42, 2, 1, '2013-08-16 18:54:58', '2013-08-16 18:54:58', '', 1, 0, 20, 0, 0, 22000),
(272, 44, 2, 1, '2013-08-16 18:59:19', '2013-08-16 18:59:19', '', 1, 0, 20, 0, 0, 24000),
(273, 31, 2, 1, '2013-08-16 19:00:08', '2013-08-16 19:00:08', '', 1, 0, 20, 0, 0, 30000),
(274, 28, 2, 1, '2013-08-16 19:11:01', '2013-08-16 19:11:01', '', 1, 0, 20, 0, 0, 31000),
(275, 43, 2, 1, '2013-08-16 19:19:58', '2013-08-16 19:19:58', '', 1, 0, 20, 0, 0, 20000),
(276, 3, 2, 1, '2013-08-16 19:20:50', '2013-08-16 19:20:50', '', 1, 0, 20, 0, 0, 14000),
(277, 34, 2, 1, '2013-08-16 19:21:25', '2013-08-16 19:21:25', '', 1, 0, 20, 0, 0, 32000),
(278, 4, 2, 1, '2013-08-16 19:24:34', '2013-08-16 19:24:34', '', 1, 0, 20, 0, 0, 27000),
(279, 35, 2, 1, '2013-08-16 19:25:11', '2013-08-16 19:25:11', '', 1, 0, 20, 0, 0, 24000),
(280, 39, 2, 1, '2013-08-16 19:25:38', '2013-08-16 19:25:38', '', 1, 0, 20, 0, 0, 24000),
(281, 33, 2, 1, '2013-08-16 19:32:33', '2013-08-16 19:32:33', '', 1, 0, 20, 0, 0, 16000),
(282, 1, 2, 1, '2013-08-16 19:46:33', '2013-08-16 19:46:33', '', 1, 0, 20, 0, 0, 32000),
(283, 32, 2, 1, '2013-08-16 19:48:21', '2013-08-16 19:48:21', '', 1, 0, 20, 0, 0, 26000),
(284, 2, 2, 1, '2013-08-16 19:49:37', '2013-08-16 19:49:37', '', 1, 0, 20, 0, 0, 8000),
(285, 49, 2, 1, '2013-08-16 19:51:06', '2013-08-16 19:51:06', '', 1, 0, 0, 0, 0, 25000),
(286, 36, 2, 1, '2013-08-16 19:54:46', '2013-08-16 19:54:46', '', 1, 0, 20, 0, 0, 16000),
(287, 37, 2, 1, '2013-08-16 20:00:30', '2013-08-16 20:00:30', '', 1, 0, 20, 0, 0, 39000),
(288, 41, 2, 1, '2013-08-16 20:03:55', '2013-08-16 20:03:55', '', 1, 0, 20, 0, 0, 27000),
(289, 40, 2, 1, '2013-08-16 20:04:20', '2013-08-16 20:04:20', '', 1, 0, 20, 0, 0, 54000),
(290, 41, 2, 1, '2013-08-16 20:06:37', '2013-08-16 20:06:37', '', 1, 0, 20, 0, 0, 8000),
(291, 3, 2, 1, '2013-08-16 20:10:26', '2013-08-16 20:10:26', '', 1, 0, 0, 0, 0, 28000),
(292, 30, 2, 1, '2013-08-16 20:12:14', '2013-08-16 20:12:14', '', 1, 0, 20, 0, 0, 31000),
(293, 39, 2, 1, '2013-08-16 20:22:47', '2013-08-16 20:22:47', '', 1, 0, 20, 0, 0, 32000),
(294, 4, 2, 1, '2013-08-16 20:24:07', '2013-08-16 20:24:07', '', 1, 0, 20, 0, 0, 31000),
(295, 32, 2, 1, '2013-08-16 20:28:18', '2013-08-16 20:28:18', '', 1, 0, 20, 0, 0, 43000),
(296, 45, 2, 1, '2013-08-16 20:36:55', '2013-08-16 20:36:55', '', 1, 0, 20, 0, 0, 26000),
(297, 43, 2, 1, '2013-08-16 20:44:49', '2013-08-16 20:44:49', '', 1, 0, 20, 0, 0, 51000),
(298, 33, 2, 1, '2013-08-16 20:58:53', '2013-08-16 20:58:53', '', 1, 0, 20, 0, 0, 16000),
(299, 39, 2, 1, '2013-08-16 21:31:12', '2013-08-16 21:31:12', '', 1, 0, 20, 0, 0, 40000),
(300, 28, 2, 1, '2013-08-17 06:47:57', '2013-08-17 06:47:57', '', 1, 0, 20, 0, 0, 16000),
(301, 38, 2, 1, '2013-08-17 06:48:26', '2013-08-17 06:48:26', '', 1, 0, 20, 0, 0, 29000),
(302, 3, 2, 1, '2013-08-17 06:51:40', '2013-08-17 06:51:40', '', 1, 0, 20, 0, 0, 24000),
(303, 44, 2, 1, '2013-08-17 07:07:16', '2013-08-17 07:07:16', '', 1, 0, 20, 0, 0, 16000),
(304, 39, 2, 1, '2013-08-17 07:11:06', '2013-08-17 07:11:06', '', 1, 0, 20, 0, 0, 19000),
(305, 32, 2, 1, '2013-08-17 07:18:43', '2013-08-17 07:18:43', '', 1, 0, 20, 0, 0, 51000),
(306, 38, 2, 1, '2013-08-17 07:19:08', '2013-08-17 07:19:08', '', 1, 0, 20, 0, 0, 20000),
(307, 49, 2, 1, '2013-08-17 07:20:38', '2013-08-17 07:20:38', '', 1, 0, 20, 0, 0, 24000),
(308, 4, 2, 1, '2013-08-17 07:33:55', '2013-08-17 07:33:55', '', 1, 0, 20, 0, 0, 19000),
(309, 34, 2, 1, '2013-08-17 07:39:35', '2013-08-17 07:39:35', '', 1, 0, 20, 0, 0, 8000),
(310, 37, 2, 1, '2013-08-17 07:39:39', '2013-08-17 07:39:39', '', 1, 0, 20, 0, 0, 24000),
(311, 1, 2, 1, '2013-08-17 07:49:09', '2013-08-17 07:49:09', '', 1, 0, 20, 0, 0, 8000),
(312, 39, 2, 1, '2013-08-17 07:50:41', '2013-08-17 07:50:41', '', 1, 0, 20, 0, 0, 10000),
(313, 49, 2, 1, '2013-08-17 08:03:31', '2013-08-17 08:03:31', '', 1, 0, 20, 0, 0, 8000),
(314, 35, 2, 1, '2013-08-17 08:14:26', '2013-08-17 08:14:26', '', 1, 0, 20, 0, 0, 27000),
(315, 41, 2, 1, '2013-08-17 08:14:51', '2013-08-17 08:14:51', '', 1, 0, 20, 0, 0, 46000),
(316, 45, 2, 1, '2013-08-17 08:15:23', '2013-08-17 08:15:23', '', 1, 0, 20, 0, 0, 35000),
(317, 43, 2, 1, '2013-08-17 08:15:55', '2013-08-17 08:15:55', '', 1, 0, 20, 0, 0, 8000),
(318, 30, 2, 1, '2013-08-17 08:16:11', '2013-08-17 08:16:11', '', 1, 0, 20, 0, 0, 16000),
(319, 44, 2, 1, '2013-08-17 08:23:09', '2013-08-17 08:23:09', '', 1, 0, 20, 0, 0, 24000),
(320, 33, 2, 1, '2013-08-17 08:26:59', '2013-08-17 08:26:59', '', 1, 0, 20, 0, 0, 22000),
(321, 40, 2, 1, '2013-08-17 08:32:16', '2013-08-17 08:32:16', '', 1, 0, 20, 0, 0, 43000),
(322, 29, 2, 1, '2013-08-17 08:34:12', '2013-08-17 08:34:12', '', 1, 0, 20, 0, 0, 8000),
(323, 41, 2, 1, '2013-08-17 08:37:31', '2013-08-17 08:37:31', '', 1, 0, 0, 0, 0, 54000),
(324, 35, 2, 1, '2013-08-17 08:42:26', '2013-08-17 08:42:26', '', 1, 0, 20, 0, 0, 16000),
(325, 31, 2, 1, '2013-08-17 08:42:48', '2013-08-17 08:42:48', '', 1, 0, 0, 0, 0, 34000),
(326, 38, 2, 1, '2013-08-17 08:50:20', '2013-08-17 08:50:20', '', 1, 0, 20, 0, 0, 19000),
(327, 37, 2, 1, '2013-08-17 08:52:52', '2013-08-17 08:52:52', '', 1, 0, 20, 0, 0, 19000),
(328, 43, 2, 1, '2013-08-17 08:58:18', '2013-08-17 08:58:18', '', 1, 0, 20, 0, 0, 23000),
(329, 42, 2, 1, '2013-08-17 09:07:51', '2013-08-17 09:07:51', '', 1, 0, 20, 0, 0, 16000),
(331, 30, 2, 1, '2013-08-17 09:09:03', '2013-08-17 09:09:03', '', 1, 0, 20, 0, 0, 16000),
(332, 44, 2, 1, '2013-08-17 09:12:37', '2013-08-17 09:12:37', '', 1, 0, 20, 0, 0, 34000),
(333, 35, 2, 1, '2013-08-17 09:24:18', '2013-08-17 09:24:18', '', 1, 0, 20, 0, 0, 19000),
(334, 42, 2, 1, '2013-08-17 09:26:59', '2013-08-17 09:26:59', '', 1, 0, 20, 0, 0, 28000),
(335, 36, 2, 1, '2013-08-17 09:29:00', '2013-08-17 09:29:00', '', 1, 0, 20, 0, 0, 34000),
(336, 40, 2, 1, '2013-08-17 09:33:02', '2013-08-17 09:33:02', '', 1, 0, 20, 0, 0, 16000),
(337, 34, 2, 1, '2013-08-17 09:33:20', '2013-08-17 09:33:20', '', 1, 0, 20, 0, 0, 74000),
(338, 33, 2, 1, '2013-08-17 09:39:03', '2013-08-17 09:39:03', '', 1, 0, 20, 0, 0, 30000),
(339, 29, 2, 1, '2013-08-17 09:40:21', '2013-08-17 09:40:21', '', 1, 0, 20, 0, 0, 0),
(340, 41, 2, 1, '2013-08-17 09:48:34', '2013-08-17 09:48:34', '', 1, 0, 0, 0, 0, 118000),
(341, 29, 2, 1, '2013-08-17 09:50:46', '2013-08-17 09:50:46', '', 1, 0, 20, 0, 0, 50000),
(342, 32, 2, 1, '2013-08-17 10:14:29', '2013-08-17 10:14:29', '', 1, 0, 20, 0, 0, 35000),
(343, 41, 2, 1, '2013-08-17 10:18:59', '2013-08-17 10:18:59', '', 1, 0, 20, 0, 0, 38000),
(344, 30, 2, 1, '2013-08-17 10:22:59', '2013-08-17 10:22:59', '', 1, 0, 20, 0, 0, 16000),
(345, 40, 2, 1, '2013-08-17 10:23:26', '2013-08-17 10:23:26', '', 1, 0, 20, 0, 0, 16000),
(346, 31, 2, 1, '2013-08-17 10:27:11', '2013-08-17 10:27:11', '', 1, 0, 20, 0, 0, 15000),
(347, 44, 2, 1, '2013-08-17 10:34:34', '2013-08-17 10:34:34', '', 1, 0, 20, 0, 0, 8000),
(348, 43, 2, 1, '2013-08-17 10:52:48', '2013-08-17 10:52:48', '', 1, 0, 20, 0, 0, 16000),
(349, 35, 2, 1, '2013-08-17 11:00:02', '2013-08-17 11:00:02', '', 1, 0, 20, 0, 0, 61000),
(350, 30, 2, 1, '2013-08-17 11:13:11', '2013-08-17 11:13:11', '', 1, 0, 20, 0, 0, 54000),
(351, 39, 2, 1, '2013-08-17 11:13:57', '2013-08-17 11:13:57', '', 1, 0, 20, 0, 0, 24000),
(352, 32, 2, 1, '2013-08-17 11:18:51', '2013-08-17 11:18:51', '', 1, 0, 20, 0, 0, 42000),
(353, 34, 2, 1, '2013-08-17 11:26:58', '2013-08-17 11:26:58', '', 1, 0, 20, 0, 0, 8000),
(354, 36, 2, 1, '2013-08-17 11:33:52', '2013-08-17 11:33:52', '', 1, 0, 20, 0, 0, 28000),
(355, 45, 2, 1, '2013-08-17 11:41:43', '2013-08-17 11:41:43', '', 1, 0, 20, 0, 0, 16000),
(356, 34, 2, 1, '2013-08-17 11:54:11', '2013-08-17 11:54:11', '', 1, 0, 0, 0, 0, 12000),
(357, 43, 2, 1, '2013-08-17 12:07:16', '2013-08-17 12:07:16', '', 1, 0, 20, 0, 0, 24000),
(358, 40, 2, 1, '2013-08-17 12:08:44', '2013-08-17 12:08:44', '', 1, 0, 20, 0, 0, 23000),
(359, 45, 2, 1, '2013-08-17 12:19:19', '2013-08-17 12:19:19', '', 1, 0, 20, 0, 0, 16000),
(360, 32, 2, 1, '2013-08-17 12:20:08', '2013-08-17 12:20:08', '', 1, 0, 20, 0, 0, 38000),
(361, 45, 2, 1, '2013-08-17 12:31:01', '2013-08-17 12:31:01', '', 1, 0, 20, 0, 0, 22000),
(362, 29, 2, 1, '2013-08-17 12:43:06', '2013-08-17 12:43:06', '', 1, 0, 20, 0, 0, 24000),
(363, 44, 2, 1, '2013-08-17 12:49:48', '2013-08-17 12:49:48', '', 1, 0, 20, 0, 0, 10000),
(364, 33, 2, 1, '2013-08-17 12:52:07', '2013-08-17 12:52:07', '', 1, 0, 20, 0, 0, 8000),
(365, 30, 2, 1, '2013-08-17 13:03:54', '2013-08-17 13:03:54', '', 1, 0, 20, 0, 0, 8000),
(366, 43, 2, 1, '2013-08-17 13:15:58', '2013-08-17 13:15:58', '', 1, 0, 20, 0, 0, 8000),
(367, 41, 2, 1, '2013-08-17 13:21:27', '2013-08-17 13:21:27', '', 1, 0, 20, 0, 0, 30000),
(368, 42, 2, 1, '2013-08-17 13:22:24', '2013-08-17 13:22:24', '', 1, 0, 20, 0, 0, 19000),
(369, 31, 2, 1, '2013-08-17 13:22:53', '2013-08-17 13:22:53', '', 1, 0, 20, 0, 0, 8000),
(370, 35, 2, 1, '2013-08-17 13:23:10', '2013-08-17 13:23:10', '', 1, 0, 20, 0, 0, 8000),
(371, 34, 2, 1, '2013-08-17 13:23:46', '2013-08-17 13:23:46', '', 1, 0, 20, 0, 0, 40000),
(372, 40, 2, 1, '2013-08-17 13:26:13', '2013-08-17 13:26:13', '', 1, 0, 20, 0, 0, 40000),
(373, 45, 2, 1, '2013-08-17 13:36:39', '2013-08-17 13:36:39', '', 1, 0, 20, 0, 0, 20000),
(374, 38, 2, 1, '2013-08-17 14:05:19', '2013-08-17 14:05:19', '', 1, 0, 20, 0, 0, 25000),
(375, 39, 2, 1, '2013-08-17 14:16:08', '2013-08-17 14:16:08', '', 1, 0, 20, 0, 0, 29000),
(376, 43, 2, 1, '2013-08-17 14:19:30', '2013-08-17 14:19:30', '', 1, 0, 20, 0, 0, 16000),
(377, 33, 2, 1, '2013-08-17 14:19:53', '2013-08-17 14:19:53', '', 1, 0, 20, 0, 0, 11000),
(378, 30, 2, 1, '2013-08-17 14:24:58', '2013-08-17 14:24:58', '', 1, 0, 20, 0, 0, 32000),
(379, 44, 2, 1, '2013-08-17 14:25:49', '2013-08-17 14:25:49', '', 1, 0, 20, 0, 0, 27000),
(380, 41, 2, 1, '2013-08-17 14:43:43', '2013-08-17 14:43:43', '', 1, 0, 20, 0, 0, 20000),
(381, 30, 2, 1, '2013-08-17 14:57:30', '2013-08-17 14:57:30', '', 1, 0, 20, 0, 0, 24000),
(382, 1, 2, 1, '2013-08-17 15:27:22', '2013-08-17 15:27:22', '', 1, 0, 20, 0, 0, 22000),
(383, 32, 2, 1, '2013-08-17 15:29:27', '2013-08-17 15:29:27', '', 1, 0, 20, 0, 0, 8000),
(384, 44, 2, 1, '2013-08-17 15:38:25', '2013-08-17 15:38:25', '', 1, 0, 20, 0, 0, 18000),
(385, 32, 2, 1, '2013-08-17 16:05:22', '2013-08-17 16:05:22', '', 1, 0, 20, 0, 0, 8000),
(386, 34, 2, 1, '2013-08-17 16:15:46', '2013-08-17 16:15:46', '', 1, 0, 20, 0, 0, 8000),
(387, 35, 2, 1, '2013-08-17 16:22:56', '2013-08-17 16:22:56', '', 1, 0, 20, 0, 0, 22000),
(388, 1, 2, 1, '2013-08-17 16:45:27', '2013-08-17 16:45:27', '', 1, 0, 20, 0, 0, 16000),
(389, 36, 2, 1, '2013-08-17 16:58:53', '2013-08-17 16:58:53', '', 1, 0, 20, 0, 0, 19000),
(390, 28, 2, 1, '2013-08-17 16:59:41', '2013-08-17 16:59:41', '', 1, 0, 20, 0, 0, 18000),
(391, 32, 2, 1, '2013-08-17 17:33:10', '2013-08-17 17:33:10', '', 1, 0, 20, 0, 0, 16000),
(392, 44, 2, 1, '2013-08-17 17:40:56', '2013-08-17 17:40:56', '', 1, 0, 20, 0, 0, 8000),
(393, 49, 2, 1, '2013-08-17 18:04:25', '2013-08-17 18:04:25', '', 1, 0, 20, 0, 0, 8000),
(394, 33, 2, 1, '2013-08-17 18:32:13', '2013-08-17 18:32:13', '', 1, 0, 20, 0, 0, 16000),
(395, 32, 2, 1, '2013-08-17 18:34:46', '2013-08-17 18:34:46', '', 1, 0, 20, 0, 0, 16000),
(396, 34, 2, 1, '2013-08-17 18:36:17', '2013-08-17 18:36:17', '', 1, 0, 20, 0, 0, 8000),
(397, 30, 2, 1, '2013-08-17 18:37:07', '2013-08-17 18:37:07', '', 1, 0, 20, 0, 0, 22000),
(398, 35, 2, 1, '2013-08-17 18:37:34', '2013-08-17 18:37:34', '', 1, 0, 20, 0, 0, 13000),
(399, 45, 2, 1, '2013-08-17 18:43:58', '2013-08-17 18:43:58', '', 1, 0, 20, 0, 0, 22000),
(400, 2, 2, 1, '2013-08-17 18:54:24', '2013-08-17 18:54:24', '', 1, 0, 20, 0, 0, 23000),
(401, 3, 2, 1, '2013-08-17 19:03:35', '2013-08-17 19:03:35', '', 1, 0, 20, 0, 0, 24000),
(402, 35, 2, 1, '2013-08-17 19:06:56', '2013-08-17 19:06:56', '', 1, 0, 20, 0, 0, 35000),
(403, 40, 2, 1, '2013-08-17 19:07:20', '2013-08-17 19:07:20', '', 1, 0, 20, 0, 0, 19000),
(404, 1, 2, 1, '2013-08-17 19:11:23', '2013-08-17 19:11:23', '', 1, 0, 20, 0, 0, 16000),
(405, 4, 2, 1, '2013-08-17 19:11:58', '2013-08-17 19:11:58', '', 1, 0, 20, 0, 0, 32000),
(406, 31, 2, 1, '2013-08-17 19:14:16', '2013-08-17 19:14:16', '', 1, 0, 20, 0, 0, 37000),
(407, 39, 2, 1, '2013-08-17 19:19:25', '2013-08-17 19:19:25', '', 1, 0, 20, 0, 0, 19000),
(408, 28, 2, 1, '2013-08-17 19:20:57', '2013-08-17 19:20:57', '', 1, 0, 20, 0, 0, 47000),
(409, 43, 2, 1, '2013-08-17 19:24:15', '2013-08-17 19:24:15', '', 1, 0, 20, 0, 0, 22000),
(410, 33, 2, 1, '2013-08-17 19:26:41', '2013-08-17 19:26:41', '', 1, 0, 20, 0, 0, 50000),
(411, 29, 2, 1, '2013-08-17 19:30:14', '2013-08-17 19:30:14', '', 1, 0, 20, 0, 0, 17000),
(412, 2, 2, 1, '2013-08-17 19:34:42', '2013-08-17 19:34:42', '', 1, 0, 20, 0, 0, 20000),
(413, 38, 2, 1, '2013-08-17 19:52:17', '2013-08-17 19:52:17', '', 1, 0, 20, 0, 0, 32000),
(414, 44, 2, 1, '2013-08-17 19:53:35', '2013-08-17 19:53:35', '', 1, 0, 20, 0, 0, 24000),
(415, 30, 2, 1, '2013-08-17 19:54:37', '2013-08-17 19:54:37', '', 1, 0, 20, 0, 0, 18000),
(416, 41, 2, 1, '2013-08-17 19:57:40', '2013-08-17 19:57:40', '', 1, 0, 20, 0, 0, 47000),
(417, 36, 2, 1, '2013-08-17 20:00:48', '2013-08-17 20:00:48', '', 1, 0, 20, 0, 0, 48000),
(418, 45, 2, 1, '2013-08-17 20:11:46', '2013-08-17 20:11:46', '', 1, 0, 20, 0, 0, 20000),
(419, 39, 2, 1, '2013-08-17 20:12:37', '2013-08-17 20:12:37', '', 1, 0, 20, 0, 0, 8000),
(420, 33, 2, 1, '2013-08-17 20:25:56', '2013-08-17 20:25:56', '', 1, 0, 20, 0, 0, 27000),
(421, 39, 2, 1, '2013-08-17 20:26:24', '2013-08-17 20:26:24', '', 1, 0, 20, 0, 0, 40000),
(422, 43, 2, 1, '2013-08-17 20:32:42', '2013-08-17 20:32:42', '', 1, 0, 20, 0, 0, 27000),
(423, 31, 2, 1, '2013-08-17 20:41:41', '2013-08-17 20:41:41', '', 1, 0, 20, 0, 0, 28000),
(424, 1, 2, 1, '2013-08-17 20:46:46', '2013-08-17 20:46:46', '', 1, 0, 20, 0, 0, 8000),
(425, 1, 2, 1, '2013-08-17 20:57:14', '2013-08-17 20:57:14', '', 1, 0, 20, 0, 0, 34000),
(426, 49, 2, 1, '2013-08-17 21:02:05', '2013-08-17 21:02:05', '', 1, 0, 0, 0, 0, 10000),
(427, 28, 2, 1, '2013-08-17 21:23:14', '2013-08-17 21:23:14', '', 1, 0, 0, 0, 0, 40000),
(428, 4, 2, 1, '2013-08-17 21:25:07', '2013-08-17 21:25:07', '', 1, 0, 0, 0, 0, 44000),
(429, 1, 2, 1, '2013-08-17 21:28:59', '2013-08-17 21:28:59', '', 1, 0, 0, 0, 0, 0),
(430, 35, 2, 1, '2013-08-17 21:40:12', '2013-08-17 21:40:12', '', 1, 0, 20, 0, 0, 27000),
(431, 3, 2, 1, '2013-08-17 22:10:55', '2013-08-17 22:10:55', '', 1, 0, 20, 0, 0, 16000),
(432, 28, 2, 1, '2013-08-18 07:03:31', '2013-08-18 07:03:31', '', 1, 0, 0, 0, 0, 20000),
(433, 3, 2, 1, '2013-08-18 07:03:45', '2013-08-18 07:03:45', '', 1, 0, 0, 0, 0, 10000),
(434, 4, 2, 1, '2013-08-18 07:04:01', '2013-08-18 07:04:01', '', 1, 0, 0, 0, 0, 24000),
(435, 1, 2, 1, '2013-08-18 07:04:31', '2013-08-18 07:04:31', '', 1, 0, 0, 0, 0, 20000),
(436, 32, 2, 1, '2013-08-18 07:04:52', '2013-08-18 07:04:52', '', 1, 0, 0, 0, 0, 24000),
(437, 1, 2, 1, '2013-08-18 07:22:41', '2013-08-18 07:22:41', '', 1, 0, 0, 0, 0, 20000),
(438, 2, 2, 1, '2013-08-18 07:22:57', '2013-08-18 07:22:57', '', 1, 0, 0, 0, 0, 24000),
(439, 39, 2, 1, '2013-08-18 07:26:48', '2013-08-18 07:26:48', '', 1, 0, 0, 0, 0, 24000),
(440, 37, 2, 1, '2013-08-18 07:30:56', '2013-08-18 07:30:56', '', 1, 0, 0, 0, 0, 20000),
(441, 31, 2, 1, '2013-08-18 07:31:15', '2013-08-18 07:31:15', '', 1, 0, 0, 0, 0, 20000),
(442, 44, 2, 1, '2013-08-18 07:37:45', '2013-08-18 07:37:45', '', 1, 0, 0, 0, 0, 50000),
(443, 28, 2, 1, '2013-08-18 07:46:45', '2013-08-18 07:46:45', '', 1, 0, 0, 0, 0, 38000),
(444, 35, 2, 1, '2013-08-18 07:46:59', '2013-08-18 07:46:59', '', 1, 0, 0, 0, 0, 40000),
(445, 41, 2, 1, '2013-08-18 07:56:48', '2013-08-18 07:56:48', '', 1, 0, 0, 0, 0, 9000),
(446, 30, 2, 1, '2013-08-18 08:13:43', '2013-08-18 08:13:43', '', 1, 0, 0, 0, 0, 24000),
(447, 28, 2, 1, '2013-08-18 08:16:52', '2013-08-18 08:16:52', '', 1, 0, 0, 0, 0, 20000),
(448, 29, 2, 1, '2013-08-18 08:24:32', '2013-08-18 08:24:32', '', 1, 0, 0, 0, 0, 20000),
(449, 41, 2, 1, '2013-08-18 08:26:14', '2013-08-18 08:26:14', '', 1, 0, 0, 0, 0, 30000),
(450, 43, 2, 1, '2013-08-18 08:31:31', '2013-08-18 08:31:31', '', 1, 0, 0, 0, 0, 17000),
(451, 36, 2, 1, '2013-08-18 08:56:08', '2013-08-18 08:56:08', '', 1, 0, 0, 0, 0, 20000),
(452, 43, 2, 1, '2013-08-18 08:56:37', '2013-08-18 08:56:37', '', 1, 0, 0, 0, 0, 102000),
(453, 33, 2, 1, '2013-08-18 08:58:09', '2013-08-18 08:58:09', '', 1, 0, 0, 0, 0, 51000),
(454, 28, 2, 1, '2013-08-18 09:09:11', '2013-08-18 09:09:11', '', 1, 0, 0, 0, 0, 21000),
(455, 35, 2, 1, '2013-08-18 09:11:41', '2013-08-18 09:11:41', '', 1, 0, 0, 0, 0, 43000),
(457, 29, 2, 1, '2013-08-18 09:29:11', '2013-08-18 09:29:11', '', 1, 0, 0, 0, 0, 19000),
(458, 39, 2, 1, '2013-08-18 09:43:13', '2013-08-18 09:43:13', '', 1, 0, 0, 0, 0, 24000),
(459, 45, 2, 1, '2013-08-18 09:43:34', '2013-08-18 09:43:34', '', 1, 0, 0, 0, 0, 39000),
(460, 32, 2, 1, '2013-08-18 09:44:56', '2013-08-18 09:44:56', '', 1, 0, 0, 0, 0, 20000),
(461, 30, 2, 1, '2013-08-18 09:46:34', '2013-08-18 09:46:34', '', 1, 0, 0, 0, 0, 48000),
(462, 34, 2, 1, '2013-08-18 09:49:56', '2013-08-18 09:49:56', '', 1, 0, 0, 0, 0, 39000),
(463, 41, 2, 1, '2013-08-18 09:51:39', '2013-08-18 09:51:39', '', 1, 0, 0, 0, 0, 24000),
(464, 31, 2, 1, '2013-08-18 09:57:31', '2013-08-18 09:57:31', '', 1, 0, 0, 0, 0, 24000),
(465, 42, 2, 1, '2013-08-18 09:58:07', '2013-08-18 09:58:07', '', 1, 0, 0, 0, 0, 10000),
(466, 44, 2, 1, '2013-08-18 10:01:02', '2013-08-18 10:01:02', '', 1, 0, 0, 0, 0, 30000),
(467, 40, 2, 1, '2013-08-18 10:04:13', '2013-08-18 10:04:13', '', 1, 0, 0, 0, 0, 45000),
(468, 28, 2, 1, '2013-08-18 10:08:52', '2013-08-18 10:08:52', '', 1, 0, 0, 0, 0, 20000),
(469, 38, 2, 1, '2013-08-18 10:17:36', '2013-08-18 10:17:36', '', 1, 0, 0, 0, 0, 48000),
(470, 34, 2, 1, '2013-08-18 10:25:24', '2013-08-18 10:25:24', '', 1, 0, 0, 0, 0, 20000),
(471, 42, 2, 1, '2013-08-18 10:45:40', '2013-08-18 10:45:40', '', 1, 0, 0, 0, 0, 28000),
(472, 35, 2, 1, '2013-08-18 10:46:10', '2013-08-18 10:46:10', '', 1, 0, 0, 0, 0, 10000),
(473, 41, 2, 1, '2013-08-18 10:50:42', '2013-08-18 10:50:42', '', 1, 0, 0, 0, 0, 14000),
(474, 37, 2, 1, '2013-08-18 11:04:09', '2013-08-18 11:04:09', '', 1, 0, 0, 0, 0, 20000),
(475, 4, 2, 1, '2013-08-18 11:09:49', '2013-08-18 11:09:49', '', 1, 0, 0, 0, 0, 20000),
(476, 43, 2, 1, '2013-08-18 11:28:05', '2013-08-18 11:28:05', '', 1, 0, 0, 0, 0, 25000),
(477, 32, 2, 1, '2013-08-18 11:29:18', '2013-08-18 11:29:18', '', 1, 0, 0, 0, 0, 28000),
(478, 35, 2, 1, '2013-08-18 11:40:05', '2013-08-18 11:40:05', '', 1, 0, 0, 0, 0, 20000),
(479, 39, 2, 1, '2013-08-18 11:48:11', '2013-08-18 11:48:11', '', 1, 0, 0, 0, 0, 56000),
(480, 31, 2, 1, '2013-08-18 11:49:50', '2013-08-18 11:49:50', '', 1, 0, 0, 0, 0, 19000),
(481, 30, 2, 1, '2013-08-18 11:58:34', '2013-08-18 11:58:34', '', 1, 0, 0, 0, 0, 10000),
(482, 40, 2, 1, '2013-08-18 12:20:04', '2013-08-18 12:20:04', '', 1, 0, 0, 0, 0, 63000),
(483, 34, 2, 1, '2013-08-18 12:25:54', '2013-08-18 12:25:54', '', 1, 0, 0, 0, 0, 14000),
(484, 45, 2, 1, '2013-08-18 12:26:18', '2013-08-18 12:26:18', '', 1, 0, 0, 0, 0, 10000),
(485, 33, 2, 1, '2013-08-18 12:34:45', '2013-08-18 12:34:45', '', 1, 0, 0, 0, 0, 20000),
(486, 32, 2, 1, '2013-08-18 12:35:30', '2013-08-18 12:35:30', '', 1, 0, 0, 0, 0, 30000),
(487, 44, 2, 1, '2013-08-18 12:35:49', '2013-08-18 12:35:49', '', 1, 0, 0, 0, 0, 10000),
(489, 36, 2, 1, '2013-08-18 12:39:52', '2013-08-18 12:39:52', '', 1, 0, 0, 0, 0, 20000),
(490, 42, 2, 1, '2013-08-18 13:02:38', '2013-08-18 13:02:38', '', 1, 0, 0, 0, 0, 35000),
(491, 45, 2, 1, '2013-08-18 13:12:06', '2013-08-18 13:12:06', '', 1, 0, 0, 0, 0, 30000),
(493, 38, 2, 1, '2013-08-18 13:22:38', '2013-08-18 13:22:38', '', 1, 0, 0, 0, 0, 39000),
(494, 33, 2, 1, '2013-08-18 13:41:05', '2013-08-18 13:41:05', '', 1, 0, 0, 0, 0, 76000),
(495, 29, 1, 1, '2013-08-18 13:52:52', '2013-08-18 13:52:52', '', 1, 0, 0, 0, 0, 28000),
(496, 32, 1, 1, '2013-08-18 13:55:07', '2013-08-18 13:55:07', '', 1, 0, 0, 0, 0, 40000),
(497, 30, 1, 1, '2013-08-18 14:22:51', '2013-08-18 14:22:51', '', 1, 0, 0, 0, 0, 76000),
(498, 39, 1, 1, '2013-08-18 14:36:18', '2013-08-18 14:36:18', '', 1, 0, 0, 0, 0, 44000),
(499, 44, 1, 1, '2013-08-18 14:37:56', '2013-08-18 14:37:56', '', 1, 0, 0, 0, 0, 20000),
(500, 34, 2, 1, '2013-08-18 14:58:06', '2013-08-18 14:58:06', '', 1, 0, 0, 0, 0, 23000),
(501, 40, 2, 1, '2013-08-18 15:03:49', '2013-08-18 15:03:49', '', 1, 0, 0, 0, 0, 20000),
(502, 29, 2, 1, '2013-08-18 15:11:15', '2013-08-18 15:11:15', '', 1, 0, 0, 0, 0, 70000),
(503, 44, 2, 1, '2013-08-18 15:24:29', '2013-08-18 15:24:29', '', 1, 0, 0, 0, 0, 30000),
(504, 30, 2, 1, '2013-08-18 15:39:38', '2013-08-18 15:39:38', '', 1, 0, 0, 0, 0, 35000),
(505, 31, 2, 1, '2013-08-18 15:41:44', '2013-08-18 15:41:44', '', 1, 0, 0, 0, 0, 34000),
(506, 41, 2, 1, '2013-08-18 15:59:49', '2013-08-18 15:59:49', '', 1, 0, 0, 0, 0, 24000),
(507, 38, 2, 1, '2013-08-18 16:15:29', '2013-08-18 16:15:29', '', 1, 0, 0, 0, 0, 10000),
(508, 33, 2, 1, '2013-08-18 16:18:20', '2013-08-18 16:18:20', '', 1, 0, 0, 0, 0, 60000),
(509, 37, 2, 1, '2013-08-18 16:21:01', '2013-08-18 16:21:01', '', 1, 0, 0, 0, 0, 14000),
(510, 45, 2, 1, '2013-08-18 16:58:50', '2013-08-18 16:58:50', '', 1, 0, 0, 0, 0, 63000),
(511, 4, 2, 1, '2013-08-18 16:59:56', '2013-08-18 16:59:56', '', 1, 0, 0, 0, 0, 10000),
(512, 32, 2, 1, '2013-08-18 17:04:11', '2013-08-18 17:04:11', '', 1, 0, 0, 0, 0, 25000),
(513, 33, 2, 1, '2013-08-18 17:18:53', '2013-08-18 17:18:53', '', 1, 0, 0, 0, 0, 37000),
(514, 32, 2, 1, '2013-08-18 18:04:20', '2013-08-18 18:04:20', '', 1, 0, 0, 0, 0, 92000),
(515, 4, 2, 1, '2013-08-18 18:22:41', '2013-08-18 18:22:41', '', 1, 0, 0, 0, 0, 48000),
(516, 45, 2, 1, '2013-08-18 18:38:01', '2013-08-18 18:38:01', '', 1, 0, 0, 0, 0, 32000),
(517, 38, 2, 1, '2013-08-18 18:39:32', '2013-08-18 18:39:32', '', 1, 0, 0, 0, 0, 10000),
(518, 31, 2, 1, '2013-08-18 18:41:31', '2013-08-18 18:41:31', '', 1, 0, 0, 0, 0, 48000),
(519, 49, 2, 1, '2013-08-18 18:43:11', '2013-08-18 18:43:11', '', 1, 0, 0, 0, 0, 10000),
(520, 39, 2, 1, '2013-08-18 18:43:54', '2013-08-18 18:43:54', '', 1, 0, 0, 0, 0, 20000),
(521, 30, 2, 1, '2013-08-18 18:45:12', '2013-08-18 18:45:12', '', 1, 0, 0, 0, 0, 24000),
(522, 28, 2, 1, '2013-08-18 18:50:22', '2013-08-18 18:50:22', '', 1, 0, 0, 0, 0, 20000),
(523, 34, 2, 1, '2013-08-18 18:53:09', '2013-08-18 18:53:09', '', 1, 0, 0, 0, 0, 30000),
(524, 33, 2, 1, '2013-08-18 18:56:30', '2013-08-18 18:56:30', '', 1, 0, 0, 0, 0, 15000),
(525, 44, 2, 1, '2013-08-18 19:00:27', '2013-08-18 19:00:27', '', 1, 0, 0, 0, 0, 10000),
(526, 2, 2, 1, '2013-08-18 19:04:53', '2013-08-18 19:04:53', '', 1, 0, 0, 0, 0, 10000),
(527, 3, 2, 1, '2013-08-18 19:05:21', '2013-08-18 19:05:21', '', 1, 0, 0, 0, 0, 37000),
(528, 39, 2, 1, '2013-08-18 19:06:52', '2013-08-18 19:06:52', '', 1, 0, 0, 0, 0, 64000),
(529, 43, 2, 1, '2013-08-18 19:10:20', '2013-08-18 19:10:20', '', 1, 0, 0, 0, 0, 44000),
(530, 29, 2, 1, '2013-08-18 19:10:43', '2013-08-18 19:10:43', '', 1, 0, 0, 0, 0, 75000),
(531, 38, 2, 1, '2013-08-18 19:16:32', '2013-08-18 19:16:32', '', 1, 0, 0, 0, 0, 10000),
(532, 40, 2, 1, '2013-08-18 19:20:52', '2013-08-18 19:20:52', '', 1, 0, 0, 0, 0, 31000),
(533, 44, 2, 1, '2013-08-18 19:21:09', '2013-08-18 19:21:09', '', 1, 0, 0, 0, 0, 27000),
(534, 36, 2, 1, '2013-08-18 19:22:46', '2013-08-18 19:22:46', '', 1, 0, 0, 0, 0, 144000),
(535, 45, 2, 1, '2013-08-18 19:25:06', '2013-08-18 19:25:06', '', 1, 0, 0, 0, 0, 10000),
(536, 41, 2, 1, '2013-08-18 19:28:06', '2013-08-18 19:28:06', '', 1, 0, 0, 0, 0, 25000),
(537, 37, 2, 1, '2013-08-18 19:30:38', '2013-08-18 19:30:38', '', 1, 0, 0, 0, 0, 60000),
(538, 1, 2, 1, '2013-08-18 19:35:24', '2013-08-18 19:35:24', '', 1, 0, 0, 0, 0, 44000),
(539, 28, 2, 1, '2013-08-18 19:38:21', '2013-08-18 19:38:21', '', 1, 0, 0, 0, 0, 30000),
(540, 2, 2, 1, '2013-08-18 19:40:24', '2013-08-18 19:40:24', '', 1, 0, 0, 0, 0, 10000),
(541, 3, 2, 1, '2013-08-18 19:44:41', '2013-08-18 19:44:41', '', 1, 0, 0, 0, 0, 20000),
(542, 33, 2, 1, '2013-08-18 19:45:39', '2013-08-18 19:45:39', '', 1, 0, 0, 0, 0, 30000),
(543, 32, 2, 1, '2013-08-18 19:49:30', '2013-08-18 19:49:30', '', 1, 0, 0, 0, 0, 41000),
(544, 4, 2, 1, '2013-08-18 19:54:50', '2013-08-18 19:54:50', '', 1, 0, 0, 0, 0, 24000),
(545, 40, 2, 1, '2013-08-18 19:56:20', '2013-08-18 19:56:20', '', 1, 0, 0, 0, 0, 40000),
(546, 31, 2, 1, '2013-08-18 20:02:33', '2013-08-18 20:02:33', '', 1, 0, 0, 0, 0, 55000),
(547, 2, 2, 1, '2013-08-18 20:03:51', '2013-08-18 20:03:51', '', 1, 0, 0, 0, 0, 52000),
(548, 4, 2, 1, '2013-08-18 20:20:33', '2013-08-18 20:20:33', '', 1, 0, 0, 0, 0, 16000),
(549, 30, 2, 1, '2013-08-18 20:26:27', '2013-08-18 20:26:27', '', 1, 0, 0, 0, 0, 91000),
(550, 28, 2, 1, '2013-08-18 20:33:36', '2013-08-18 20:33:36', '', 1, 0, 0, 0, 0, 20000),
(551, 41, 2, 1, '2013-08-18 20:34:29', '2013-08-18 20:34:29', '', 1, 0, 0, 0, 0, 84000),
(552, 37, 2, 1, '2013-08-18 20:35:27', '2013-08-18 20:35:27', '', 1, 0, 0, 0, 0, 64000),
(553, 49, 2, 1, '2013-08-18 20:42:54', '2013-08-18 20:42:54', '', 1, 0, 0, 0, 0, 20000),
(554, 36, 2, 1, '2013-08-18 20:45:01', '2013-08-18 20:45:01', '', 1, 0, 0, 0, 0, 20000),
(555, 40, 2, 1, '2013-08-18 21:08:30', '2013-08-18 21:08:30', '', 1, 0, 0, 0, 0, 88000),
(556, 43, 2, 1, '2013-08-18 21:12:54', '2013-08-18 21:12:54', '', 1, 0, 0, 0, 0, 63000),
(557, 28, 2, 1, '2013-08-18 21:14:44', '2013-08-18 21:14:44', '', 1, 0, 0, 0, 0, 20000),
(558, 4, 2, 1, '2013-08-18 21:26:35', '2013-08-18 21:26:35', '', 1, 0, 0, 0, 0, 39000),
(559, 33, 2, 1, '2013-08-18 21:32:01', '2013-08-18 21:32:01', '', 1, 0, 0, 0, 0, 10000),
(560, 39, 2, 1, '2013-08-18 21:32:11', '2013-08-18 21:32:11', '', 1, 0, 0, 0, 0, 86000),
(561, 3, 2, 1, '2013-08-19 06:47:20', '2013-08-19 06:47:20', '', 1, 0, 0, 0, 0, 0),
(562, 3, 2, 1, '2013-08-19 06:47:38', '2013-08-19 06:47:38', '', 1, 0, 0, 0, 0, 36000),
(563, 2, 2, 1, '2013-08-19 06:49:49', '2013-08-19 06:49:49', '', 1, 0, 0, 0, 0, 10000),
(564, 37, 2, 1, '2013-08-19 06:50:20', '2013-08-19 06:50:20', '', 1, 0, 0, 0, 0, 20000),
(565, 32, 2, 1, '2013-08-19 07:08:06', '2013-08-19 07:08:06', '', 1, 0, 0, 0, 0, 24000),
(566, 1, 2, 1, '2013-08-19 07:19:49', '2013-08-19 07:19:49', '', 1, 0, 0, 0, 0, 58000),
(567, 41, 2, 1, '2013-08-19 07:24:14', '2013-08-19 07:24:14', '', 1, 0, 0, 0, 0, 23000),
(568, 30, 2, 1, '2013-08-19 07:29:47', '2013-08-19 07:29:47', '', 1, 0, 0, 0, 0, 10000),
(569, 40, 2, 1, '2013-08-19 07:30:05', '2013-08-19 07:30:05', '', 1, 0, 0, 0, 0, 14000),
(570, 45, 2, 1, '2013-08-19 07:33:28', '2013-08-19 07:33:28', '', 1, 0, 0, 0, 0, 38000),
(571, 36, 2, 1, '2013-08-19 07:46:28', '2013-08-19 07:46:28', '', 1, 0, 0, 0, 0, 0),
(572, 36, 2, 1, '2013-08-19 07:46:36', '2013-08-19 07:46:36', '', 1, 0, 0, 0, 0, 25000),
(573, 31, 2, 1, '2013-08-19 07:47:23', '2013-08-19 07:47:23', '', 1, 0, 0, 0, 0, 53000),
(574, 3, 2, 1, '2013-08-19 07:51:24', '2013-08-19 07:51:24', '', 1, 0, 0, 0, 0, 20000),
(575, 34, 2, 1, '2013-08-19 07:56:38', '2013-08-19 07:56:38', '', 1, 0, 0, 0, 0, 78000),
(576, 29, 2, 1, '2013-08-19 08:01:39', '2013-08-19 08:01:39', '', 1, 0, 0, 0, 0, 108000),
(577, 43, 2, 1, '2013-08-19 08:04:03', '2013-08-19 08:04:03', '', 1, 0, 0, 0, 0, 34000),
(578, 44, 2, 1, '2013-08-19 08:05:52', '2013-08-19 08:05:52', '', 1, 0, 0, 0, 0, 44000),
(579, 32, 2, 1, '2013-08-19 08:06:52', '2013-08-19 08:06:52', '', 1, 0, 0, 0, 0, 43000),
(580, 35, 2, 1, '2013-08-19 08:10:48', '2013-08-19 08:10:48', '', 1, 0, 0, 0, 0, 45000),
(581, 41, 2, 1, '2013-08-19 08:17:39', '2013-08-19 08:17:39', '', 1, 0, 0, 0, 0, 14000),
(582, 45, 2, 1, '2013-08-19 08:22:00', '2013-08-19 08:22:00', '', 1, 0, 0, 0, 0, 25000);
INSERT INTO `tbl_session` (`id`, `idtable`, `iduser`, `idcustomer`, `datetime`, `datetimeend`, `note`, `status`, `discount_value`, `discount_percent`, `surtax`, `payment`, `value`) VALUES
(583, 30, 2, 1, '2013-08-19 08:31:40', '2013-08-19 08:31:40', '', 1, 0, 0, 0, 0, 36000),
(584, 40, 2, 1, '2013-08-19 08:33:30', '2013-08-19 08:33:30', '', 1, 0, 0, 0, 0, 0),
(585, 1, 2, 1, '2013-08-19 08:36:17', '2013-08-19 08:36:17', '', 1, 0, 0, 0, 0, 35000),
(587, 36, 2, 1, '2013-08-19 08:52:37', '2013-08-19 08:52:37', '', 1, 0, 0, 0, 0, 10000),
(588, 31, 2, 1, '2013-08-19 08:53:36', '2013-08-19 08:53:36', '', 1, 0, 0, 0, 0, 25000),
(589, 40, 2, 1, '2013-08-19 08:54:01', '2013-08-19 08:54:01', '', 1, 0, 0, 0, 0, 10000),
(590, 33, 2, 1, '2013-08-19 08:54:13', '2013-08-19 08:54:13', '', 1, 0, 0, 0, 0, 35000),
(591, 29, 2, 1, '2013-08-19 08:59:26', '2013-08-19 08:59:26', '', 1, 0, 0, 0, 0, 20000),
(592, 38, 2, 1, '2013-08-19 09:00:05', '2013-08-19 09:00:05', '', 1, 0, 0, 0, 0, 20000),
(593, 41, 2, 1, '2013-08-19 09:18:10', '2013-08-19 09:18:10', '', 1, 0, 0, 0, 0, 45000),
(594, 45, 2, 1, '2013-08-19 09:21:28', '2013-08-19 09:21:28', '', 1, 0, 0, 0, 0, 24000),
(595, 44, 1, 1, '2013-08-19 09:25:39', '2013-08-19 09:25:39', '', 1, 0, 0, 0, 0, 20000),
(596, 42, 1, 1, '2013-08-19 09:28:07', '2013-08-19 09:28:07', '', 1, 0, 0, 0, 0, 17000),
(597, 35, 2, 1, '2013-08-19 09:32:44', '2013-08-19 09:32:44', '', 1, 0, 0, 0, 0, 20000),
(598, 29, 2, 1, '2013-08-19 09:33:13', '2013-08-19 09:33:13', '', 1, 0, 0, 0, 0, 63000),
(599, 43, 2, 1, '2013-08-19 09:44:12', '2013-08-19 09:44:12', '', 1, 0, 0, 0, 0, 35000),
(600, 32, 2, 1, '2013-08-19 10:03:04', '2013-08-19 10:03:04', '', 1, 0, 0, 0, 0, 45000),
(601, 33, 2, 1, '2013-08-19 10:03:20', '2013-08-19 10:03:20', '', 1, 0, 0, 0, 0, 27000),
(602, 40, 2, 1, '2013-08-19 10:03:37', '2013-08-19 10:03:37', '', 1, 0, 0, 0, 0, 20000),
(605, 32, 2, 1, '2013-08-19 10:47:01', '2013-08-19 10:47:01', '', 1, 0, 0, 0, 0, 0),
(606, 32, 2, 1, '2013-08-19 10:47:08', '2013-08-19 10:47:08', '', 1, 0, 0, 0, 0, 20000),
(607, 30, 2, 1, '2013-08-19 11:03:37', '2013-08-19 11:03:37', '', 1, 0, 0, 0, 0, 10000),
(608, 33, 2, 1, '2013-08-19 11:03:56', '2013-08-19 11:03:56', '', 1, 0, 0, 0, 0, 20000),
(609, 35, 2, 1, '2013-08-19 11:06:04', '2013-08-19 11:06:04', '', 1, 0, 0, 0, 0, 37000),
(610, 30, 2, 1, '2013-08-19 11:07:31', '2013-08-19 11:07:31', '', 1, 0, 0, 0, 0, 20000),
(611, 44, 2, 1, '2013-08-19 11:19:28', '2013-08-19 11:19:28', '', 1, 0, 0, 0, 0, 30000),
(612, 45, 2, 1, '2013-08-19 11:29:00', '2013-08-19 11:29:00', '', 1, 0, 0, 0, 0, 31000),
(613, 49, 2, 1, '2013-08-19 11:31:32', '2013-08-19 11:31:32', '', 1, 0, 0, 0, 0, 9000),
(614, 31, 2, 1, '2013-08-19 11:34:54', '2013-08-19 11:34:54', '', 1, 0, 0, 0, 0, 24000),
(615, 36, 2, 1, '2013-08-19 11:40:59', '2013-08-19 11:40:59', '', 1, 0, 0, 0, 0, 20000),
(616, 39, 1, 1, '2013-08-19 12:18:52', '2013-08-19 12:18:52', '', 1, 0, 0, 0, 0, 20000),
(617, 34, 1, 1, '2013-08-19 12:21:45', '2013-08-19 12:21:45', '', 1, 0, 0, 0, 0, 10000),
(618, 29, 2, 1, '2013-08-19 12:24:35', '2013-08-19 12:24:35', '', 1, 0, 0, 0, 0, 35000),
(619, 33, 1, 1, '2013-08-19 12:40:32', '2013-08-19 12:40:32', '', 1, 0, 0, 0, 0, 15000),
(620, 31, 2, 1, '2013-08-19 12:48:51', '2013-08-19 12:48:51', '', 1, 0, 0, 0, 0, 36000),
(621, 45, 2, 1, '2013-08-19 13:08:58', '2013-08-19 13:08:58', '', 1, 0, 0, 0, 0, 10000),
(622, 31, 2, 1, '2013-08-19 13:14:18', '2013-08-19 13:14:18', '', 1, 0, 0, 0, 0, 54000),
(623, 39, 2, 1, '2013-08-19 13:16:48', '2013-08-19 13:16:48', '', 1, 0, 0, 0, 0, 24000),
(624, 43, 2, 1, '2013-08-19 13:24:12', '2013-08-19 13:24:12', '', 1, 0, 0, 0, 0, 20000),
(625, 41, 1, 1, '2013-08-19 14:03:36', '2013-08-19 14:03:36', '', 1, 0, 0, 0, 0, 36000),
(626, 29, 1, 1, '2013-08-19 14:05:40', '2013-08-19 14:05:40', '', 1, 0, 0, 0, 0, 52000),
(627, 43, 2, 1, '2013-08-19 14:28:25', '2013-08-19 14:28:25', '', 1, 0, 0, 0, 0, 32000),
(628, 30, 2, 1, '2013-08-19 14:45:27', '2013-08-19 14:45:27', '', 1, 0, 0, 0, 0, 10000),
(629, 44, 2, 1, '2013-08-19 15:03:26', '2013-08-19 15:03:26', '', 1, 0, 0, 0, 0, 10000),
(630, 39, 2, 1, '2013-08-19 15:07:55', '2013-08-19 15:07:55', '', 1, 0, 0, 0, 0, 65000),
(631, 34, 2, 1, '2013-08-19 15:14:27', '2013-08-19 15:14:27', '', 1, 0, 0, 0, 0, 10000),
(632, 32, 2, 1, '2013-08-19 15:15:02', '2013-08-19 15:15:02', '', 1, 0, 0, 0, 0, 34000),
(633, 40, 2, 1, '2013-08-19 15:16:04', '2013-08-19 15:16:04', '', 1, 0, 0, 0, 0, 80000),
(634, 42, 2, 1, '2013-08-19 15:34:18', '2013-08-19 15:34:18', '', 1, 0, 0, 0, 0, 32000),
(635, 35, 2, 1, '2013-08-19 15:43:47', '2013-08-19 15:43:47', '', 1, 0, 0, 0, 0, 25000),
(636, 44, 2, 1, '2013-08-19 15:44:01', '2013-08-19 15:44:01', '', 1, 0, 0, 0, 0, 20000),
(637, 36, 2, 1, '2013-08-19 15:45:19', '2013-08-19 15:45:19', '', 1, 0, 0, 0, 0, 29000),
(638, 34, 2, 1, '2013-08-19 16:14:05', '2013-08-19 16:14:05', '', 1, 0, 0, 0, 0, 17000),
(639, 32, 2, 1, '2013-08-19 16:42:16', '2013-08-19 16:42:16', '', 1, 0, 0, 0, 0, 20000),
(640, 45, 2, 1, '2013-08-19 16:42:35', '2013-08-19 16:42:35', '', 1, 0, 0, 0, 0, 10000),
(641, 39, 2, 1, '2013-08-19 17:01:57', '2013-08-19 17:01:57', '', 1, 0, 0, 0, 0, 10000),
(642, 40, 2, 1, '2013-08-19 17:15:42', '2013-08-19 17:15:42', '', 1, 0, 0, 0, 0, 90000),
(643, 35, 2, 1, '2013-08-19 17:16:02', '2013-08-19 17:16:02', '', 1, 0, 0, 0, 0, 15000),
(644, 1, 2, 1, '2013-08-19 17:37:20', '2013-08-19 17:37:20', '', 1, 0, 0, 0, 0, 25000),
(645, 3, 2, 1, '2013-08-19 17:53:05', '2013-08-19 17:53:05', '', 1, 0, 0, 0, 0, 10000),
(646, 39, 2, 1, '2013-08-19 18:02:21', '2013-08-19 18:02:21', '', 1, 0, 0, 0, 0, 30000),
(647, 33, 2, 1, '2013-08-19 18:46:06', '2013-08-19 18:46:06', '', 1, 0, 0, 0, 0, 25000),
(648, 43, 2, 1, '2013-08-19 18:49:46', '2013-08-19 18:49:46', '', 1, 0, 0, 0, 0, 34000),
(649, 29, 2, 1, '2013-08-19 18:50:55', '2013-08-19 18:50:55', '', 1, 0, 0, 0, 0, 20000),
(650, 31, 2, 1, '2013-08-19 18:55:53', '2013-08-19 18:55:53', '', 1, 0, 0, 0, 0, 24000),
(651, 28, 2, 1, '2013-08-19 19:02:43', '2013-08-19 19:02:43', '', 1, 0, 0, 0, 0, 24000),
(652, 45, 2, 1, '2013-08-19 19:03:11', '2013-08-19 19:03:11', '', 1, 0, 0, 0, 0, 15000),
(653, 1, 2, 1, '2013-08-19 19:05:04', '2013-08-19 19:05:04', '', 1, 0, 0, 0, 0, 20000),
(654, 30, 2, 1, '2013-08-19 19:07:00', '2013-08-19 19:07:00', '', 1, 0, 0, 0, 0, 37000),
(655, 34, 2, 1, '2013-08-19 19:09:33', '2013-08-19 19:09:33', '', 1, 0, 0, 0, 0, 34000),
(656, 36, 2, 1, '2013-08-19 19:13:07', '2013-08-19 19:13:07', '', 1, 0, 0, 0, 0, 28000),
(657, 47, 2, 1, '2013-08-19 19:21:17', '2013-08-19 19:21:17', '', 1, 0, 0, 0, 0, 35000),
(658, 35, 2, 1, '2013-08-19 19:24:37', '2013-08-19 19:24:37', '', 1, 0, 0, 0, 0, 25000),
(659, 33, 2, 1, '2013-08-19 19:24:56', '2013-08-19 19:24:56', '', 1, 0, 0, 0, 0, 26000),
(660, 32, 2, 1, '2013-08-19 19:29:42', '2013-08-19 19:29:42', '', 1, 0, 0, 0, 0, 20000),
(661, 2, 2, 1, '2013-08-19 19:30:09', '2013-08-19 19:30:09', '', 1, 0, 0, 0, 0, 34000),
(662, 41, 2, 1, '2013-08-19 19:30:32', '2013-08-19 19:30:32', '', 1, 0, 0, 0, 0, 35000),
(663, 40, 2, 1, '2013-08-19 19:30:53', '2013-08-19 19:30:53', '', 1, 0, 0, 0, 0, 73000),
(664, 39, 2, 1, '2013-08-19 19:33:38', '2013-08-19 19:33:38', '', 1, 0, 0, 0, 0, 50000),
(665, 4, 2, 1, '2013-08-19 19:36:10', '2013-08-19 19:36:10', '', 1, 0, 0, 0, 0, 42000),
(666, 37, 2, 1, '2013-08-19 19:41:39', '2013-08-19 19:41:39', '', 1, 0, 0, 0, 0, 62000),
(667, 44, 2, 1, '2013-08-19 19:45:53', '2013-08-19 19:45:53', '', 1, 0, 0, 0, 0, 30000),
(668, 38, 2, 1, '2013-08-19 19:52:56', '2013-08-19 19:52:56', '', 1, 0, 0, 0, 0, 54000),
(669, 1, 2, 1, '2013-08-19 19:53:44', '2013-08-19 19:53:44', '', 1, 0, 0, 0, 0, 25000),
(670, 3, 2, 1, '2013-08-19 19:54:08', '2013-08-19 19:54:08', '', 1, 0, 0, 0, 0, 20000),
(671, 42, 2, 1, '2013-08-19 19:56:51', '2013-08-19 19:56:51', '', 1, 0, 0, 0, 0, 10000),
(672, 29, 2, 1, '2013-08-19 20:01:08', '2013-08-19 20:01:08', '', 1, 0, 0, 0, 0, 66000),
(673, 49, 2, 1, '2013-08-19 20:03:41', '2013-08-19 20:03:41', '', 1, 0, 0, 0, 0, 40000),
(674, 28, 2, 1, '2013-08-19 20:16:53', '2013-08-19 20:16:53', '', 1, 0, 0, 0, 0, 45000),
(675, 45, 2, 1, '2013-08-19 20:40:49', '2013-08-19 20:40:49', '', 1, 0, 0, 0, 0, 54000),
(676, 33, 2, 1, '2013-08-19 20:48:49', '2013-08-19 20:48:49', '', 1, 0, 0, 0, 0, 37000),
(677, 28, 2, 1, '2013-08-19 21:24:49', '2013-08-19 21:24:49', '', 1, 0, 0, 0, 0, 20000),
(678, 42, 2, 1, '2013-08-20 06:50:43', '2013-08-20 06:50:43', '', 1, 0, 0, 0, 0, 10000),
(679, 33, 1, 1, '2013-08-20 06:58:28', '2013-08-20 06:58:28', '', 1, 0, 0, 0, 0, 20000),
(680, 1, 1, 1, '2013-08-20 07:05:04', '2013-08-20 07:05:04', '', 1, 0, 0, 0, 0, 10000),
(681, 32, 1, 1, '2013-08-20 07:05:18', '2013-08-20 07:05:18', '', 1, 0, 0, 0, 0, 24000),
(682, 2, 1, 1, '2013-08-20 07:05:36', '2013-08-20 07:05:36', '', 1, 0, 0, 0, 0, 10000),
(683, 45, 1, 1, '2013-08-20 07:10:51', '2013-08-20 07:10:51', '', 1, 0, 0, 0, 0, 29000),
(684, 30, 1, 1, '2013-08-20 07:27:34', '2013-08-20 07:27:34', '', 1, 0, 0, 0, 0, 20000),
(685, 4, 1, 1, '2013-08-20 07:27:53', '2013-08-20 07:27:53', '', 1, 0, 0, 0, 0, 96000),
(686, 28, 1, 1, '2013-08-20 07:27:56', '2013-08-20 07:27:56', '', 1, 0, 0, 0, 0, 50000),
(687, 44, 1, 1, '2013-08-20 07:31:24', '2013-08-20 07:31:24', '', 1, 0, 0, 0, 0, 33000),
(688, 35, 1, 1, '2013-08-20 07:39:10', '2013-08-20 07:39:10', '', 1, 0, 0, 0, 0, 20000),
(689, 45, 1, 1, '2013-08-20 07:48:18', '2013-08-20 07:48:18', '', 1, 0, 0, 0, 0, 20000),
(690, 36, 1, 1, '2013-08-20 07:56:29', '2013-08-20 07:56:29', '', 1, 0, 0, 0, 0, 36000),
(691, 29, 1, 1, '2013-08-20 07:57:06', '2013-08-20 07:57:06', '', 1, 0, 0, 0, 0, 55000),
(692, 31, 1, 1, '2013-08-20 08:09:03', '2013-08-20 08:09:03', '', 1, 0, 0, 0, 0, 30000),
(693, 40, 1, 1, '2013-08-20 08:16:25', '2013-08-20 08:16:25', '', 1, 0, 0, 0, 0, 44000),
(694, 38, 1, 1, '2013-08-20 08:17:03', '2013-08-20 08:17:03', '', 1, 0, 0, 0, 0, 30000),
(695, 33, 1, 1, '2013-08-20 08:28:53', '2013-08-20 08:28:53', '', 1, 0, 0, 0, 0, 34000),
(696, 43, 1, 1, '2013-08-20 08:34:30', '2013-08-20 08:34:30', '', 1, 0, 0, 0, 0, 20000),
(697, 41, 1, 1, '2013-08-20 08:37:54', '2013-08-20 08:37:54', '', 1, 0, 0, 0, 0, 13000),
(698, 33, 1, 1, '2013-08-20 08:46:34', '2013-08-20 08:46:34', '', 1, 0, 0, 0, 0, 45000),
(699, 34, 1, 1, '2013-08-20 08:52:09', '2013-08-20 08:52:09', '', 1, 0, 0, 0, 0, 29000),
(700, 44, 1, 1, '2013-08-20 08:53:21', '2013-08-20 08:53:21', '', 1, 0, 0, 0, 0, 14000),
(701, 37, 1, 1, '2013-08-20 09:05:10', '2013-08-20 09:05:10', '', 1, 0, 0, 0, 0, 43000),
(702, 30, 1, 1, '2013-08-20 09:05:35', '2013-08-20 09:05:35', '', 1, 0, 0, 0, 0, 30000),
(703, 49, 1, 1, '2013-08-20 09:05:59', '2013-08-20 09:05:59', '', 1, 0, 0, 0, 0, 10000),
(704, 29, 1, 1, '2013-08-20 09:10:49', '2013-08-20 09:10:49', '', 1, 0, 0, 0, 0, 50000),
(705, 45, 1, 1, '2013-08-20 09:27:47', '2013-08-20 09:27:47', '', 1, 0, 0, 0, 0, 41000),
(706, 35, 1, 1, '2013-08-20 09:28:03', '2013-08-20 09:28:03', '', 1, 0, 0, 0, 0, 58000),
(707, 36, 1, 1, '2013-08-20 09:28:40', '2013-08-20 09:28:40', '', 1, 0, 0, 0, 0, 30000),
(708, 44, 1, 1, '2013-08-20 09:29:07', '2013-08-20 09:29:07', '', 1, 0, 0, 0, 0, 47000),
(709, 31, 1, 1, '2013-08-20 09:41:24', '2013-08-20 09:41:24', '', 1, 0, 0, 0, 0, 28000),
(710, 39, 1, 1, '2013-08-20 09:48:36', '2013-08-20 09:48:36', '', 1, 0, 0, 0, 0, 32000),
(711, 43, 1, 1, '2013-08-20 09:50:26', '2013-08-20 09:50:26', '', 1, 0, 0, 0, 0, 10000),
(712, 41, 1, 1, '2013-08-20 09:56:54', '2013-08-20 09:56:54', '', 1, 0, 0, 0, 0, 20000),
(713, 32, 1, 1, '2013-08-20 10:01:32', '2013-08-20 10:01:32', '', 1, 0, 0, 0, 0, 50000),
(714, 42, 1, 1, '2013-08-20 10:08:20', '2013-08-20 10:08:20', '', 1, 0, 0, 0, 0, 12000),
(715, 38, 1, 1, '2013-08-20 10:15:19', '2013-08-20 10:15:19', '', 1, 0, 0, 0, 0, 20000),
(716, 31, 2, 1, '2013-08-20 10:33:56', '2013-08-20 10:33:56', '', 1, 0, 0, 0, 0, 31000),
(717, 30, 1, 1, '2013-08-20 10:56:49', '2013-08-20 10:56:49', '', 1, 0, 0, 0, 0, 10000),
(718, 35, 1, 1, '2013-08-20 10:57:46', '2013-08-20 10:57:46', '', 1, 0, 0, 0, 0, 29000),
(719, 34, 1, 1, '2013-08-20 10:59:30', '2013-08-20 10:59:30', '', 1, 0, 0, 0, 0, 14000),
(720, 49, 1, 1, '2013-08-20 11:11:49', '2013-08-20 11:11:49', '', 1, 0, 0, 0, 0, 10000),
(721, 36, 1, 1, '2013-08-20 11:12:53', '2013-08-20 11:12:53', '', 1, 0, 0, 0, 0, 34000),
(722, 36, 1, 1, '2013-08-20 11:25:34', '2013-08-20 11:25:34', '', 1, 0, 0, 0, 0, 20000),
(723, 31, 1, 1, '2013-08-20 11:34:45', '2013-08-20 11:34:45', '', 1, 0, 0, 0, 0, 30000),
(724, 40, 1, 1, '2013-08-20 11:44:16', '2013-08-20 11:44:16', '', 1, 0, 0, 0, 0, 22000),
(725, 33, 1, 1, '2013-08-20 11:51:27', '2013-08-20 11:51:27', '', 1, 0, 0, 0, 0, 10000),
(726, 45, 2, 1, '2013-08-20 11:55:47', '2013-08-20 11:55:47', '', 1, 0, 0, 0, 0, 34000),
(727, 42, 2, 1, '2013-08-20 11:59:04', '2013-08-20 11:59:04', '', 1, 0, 0, 0, 0, 29000),
(728, 37, 2, 1, '2013-08-20 12:07:55', '2013-08-20 12:07:55', '', 1, 0, 0, 0, 0, 27000),
(729, 32, 2, 1, '2013-08-20 12:25:06', '2013-08-20 12:25:06', '', 1, 0, 0, 0, 0, 20000),
(730, 29, 2, 1, '2013-08-20 12:26:50', '2013-08-20 12:26:50', '', 1, 0, 0, 0, 0, 35000),
(731, 30, 2, 1, '2013-08-20 12:37:58', '2013-08-20 12:37:58', '', 1, 0, 0, 0, 0, 20000),
(732, 35, 2, 1, '2013-08-20 12:38:12', '2013-08-20 12:38:12', '', 1, 0, 0, 0, 0, 20000),
(733, 44, 2, 1, '2013-08-20 12:39:22', '2013-08-20 12:39:22', '', 1, 0, 0, 0, 0, 31000),
(734, 43, 2, 1, '2013-08-20 12:49:11', '2013-08-20 12:49:11', '', 1, 0, 0, 0, 0, 27000),
(735, 49, 2, 1, '2013-08-20 12:55:49', '2013-08-20 12:55:49', '', 1, 0, 0, 0, 0, 10000),
(736, 33, 2, 1, '2013-08-20 13:01:06', '2013-08-20 13:01:06', '', 1, 0, 0, 0, 0, 24000),
(737, 38, 1, 1, '2013-08-20 13:23:20', '2013-08-20 13:23:20', '', 1, 0, 0, 0, 0, 40000),
(738, 34, 1, 1, '2013-08-20 13:31:06', '2013-08-20 13:31:06', '', 1, 0, 0, 0, 0, 10000),
(739, 31, 1, 1, '2013-08-20 13:36:15', '2013-08-20 13:36:15', '', 1, 0, 0, 0, 0, 20000),
(740, 32, 1, 1, '2013-08-20 13:36:47', '2013-08-20 13:36:47', '', 1, 0, 0, 0, 0, 38000),
(741, 41, 1, 1, '2013-08-20 13:49:15', '2013-08-20 13:49:15', '', 1, 0, 0, 0, 0, 10000),
(742, 39, 1, 1, '2013-08-20 13:55:58', '2013-08-20 13:55:58', '', 1, 0, 0, 0, 0, 35000),
(743, 29, 1, 1, '2013-08-20 13:56:15', '2013-08-20 13:56:15', '', 1, 0, 0, 0, 0, 26000),
(744, 30, 1, 1, '2013-08-20 14:01:20', '2013-08-20 14:01:20', '', 1, 0, 0, 0, 0, 31000),
(745, 44, 2, 1, '2013-08-20 14:20:02', '2013-08-20 14:20:02', '', 1, 0, 0, 0, 0, 27000),
(746, 33, 2, 1, '2013-08-20 14:30:25', '2013-08-20 14:30:25', '', 1, 0, 0, 0, 0, 52000),
(748, 31, 2, 1, '2013-08-20 14:59:50', '2013-08-20 14:59:50', '', 1, 0, 0, 0, 0, 20000),
(749, 33, 2, 1, '2013-08-20 15:11:05', '2013-08-20 15:11:05', '', 1, 0, 0, 0, 0, 30000),
(750, 37, 2, 1, '2013-08-20 15:11:24', '2013-08-20 15:11:24', '', 1, 0, 0, 0, 0, 10000),
(751, 30, 2, 1, '2013-08-20 15:15:56', '2013-08-20 15:15:56', '', 1, 0, 0, 0, 0, 31000),
(752, 38, 2, 1, '2013-08-20 15:24:48', '2013-08-20 15:24:48', '', 1, 0, 0, 0, 0, 10000),
(753, 32, 2, 1, '2013-08-20 15:30:42', '2013-08-20 15:30:42', '', 1, 0, 0, 0, 0, 41000),
(754, 1, 2, 1, '2013-08-20 15:38:13', '2013-08-20 15:38:13', '', 1, 0, 0, 0, 0, 26000),
(755, 44, 2, 1, '2013-08-20 15:38:41', '2013-08-20 15:38:41', '', 1, 0, 0, 0, 0, 30000),
(756, 41, 2, 1, '2013-08-20 15:42:37', '2013-08-20 15:42:37', '', 1, 0, 0, 0, 0, 20000),
(757, 35, 2, 1, '2013-08-20 15:46:10', '2013-08-20 15:46:10', '', 1, 0, 0, 0, 0, 27000),
(758, 30, 2, 1, '2013-08-20 15:54:23', '2013-08-20 15:54:23', '', 1, 0, 0, 0, 0, 39000),
(759, 40, 2, 1, '2013-08-20 15:54:45', '2013-08-20 15:54:45', '', 1, 0, 0, 0, 0, 38000),
(760, 36, 2, 1, '2013-08-20 16:09:05', '2013-08-20 16:09:05', '', 1, 0, 0, 0, 0, 17000),
(761, 33, 2, 1, '2013-08-20 16:09:26', '2013-08-20 16:09:26', '', 1, 0, 0, 0, 0, 29000),
(762, 59, 2, 1, '2013-08-20 16:25:22', '2013-08-20 16:25:22', '', 1, 0, 0, 0, 0, 20000),
(763, 39, 2, 1, '2013-08-20 16:48:34', '2013-08-20 16:48:34', '', 1, 0, 0, 0, 0, 28000),
(764, 34, 2, 1, '2013-08-20 16:48:53', '2013-08-20 16:48:53', '', 1, 0, 0, 0, 0, 27000),
(765, 3, 2, 1, '2013-08-20 17:24:23', '2013-08-20 17:24:23', '', 1, 0, 0, 0, 0, 10000),
(766, 32, 2, 1, '2013-08-20 17:25:48', '2013-08-20 17:25:48', '', 1, 0, 0, 0, 0, 10000),
(767, 33, 2, 1, '2013-08-20 17:52:50', '2013-08-20 17:52:50', '', 1, 0, 0, 0, 0, 25000),
(768, 35, 2, 1, '2013-08-20 18:07:00', '2013-08-20 18:07:00', '', 1, 0, 0, 0, 0, 36000),
(769, 40, 2, 1, '2013-08-20 18:17:08', '2013-08-20 18:17:08', '', 1, 0, 0, 0, 0, 14000),
(770, 30, 2, 1, '2013-08-20 18:45:42', '2013-08-20 18:45:42', '', 1, 0, 0, 0, 0, 24000),
(771, 32, 2, 1, '2013-08-20 18:49:37', '2013-08-20 18:49:37', '', 1, 0, 0, 0, 0, 25000),
(772, 3, 2, 1, '2013-08-20 18:57:52', '2013-08-20 18:57:52', '', 1, 0, 0, 0, 0, 50000),
(773, 1, 2, 1, '2013-08-20 19:05:01', '2013-08-20 19:05:01', '', 1, 0, 0, 0, 0, 28000),
(774, 40, 2, 1, '2013-08-20 19:05:18', '2013-08-20 19:05:18', '', 1, 0, 0, 0, 0, 82000),
(775, 28, 2, 1, '2013-08-20 19:14:07', '2013-08-20 19:14:07', '', 1, 0, 0, 0, 0, 24000),
(776, 33, 2, 1, '2013-08-20 19:14:39', '2013-08-20 19:14:39', '', 1, 0, 0, 0, 0, 52000),
(777, 45, 2, 1, '2013-08-20 19:19:59', '2013-08-20 19:19:59', '', 1, 0, 0, 0, 0, 43000),
(778, 44, 2, 1, '2013-08-20 19:30:54', '2013-08-20 19:30:54', '', 1, 0, 0, 0, 0, 24000),
(779, 1, 2, 1, '2013-08-20 19:43:50', '2013-08-20 19:43:50', '', 1, 0, 0, 0, 0, 30000),
(780, 31, 2, 1, '2013-08-20 19:44:15', '2013-08-20 19:44:15', '', 1, 0, 0, 0, 0, 38000),
(781, 39, 2, 1, '2013-08-20 19:48:12', '2013-08-20 19:48:12', '', 1, 0, 0, 0, 0, 10000),
(782, 33, 2, 1, '2013-08-20 19:54:01', '2013-08-20 19:54:01', '', 1, 0, 0, 0, 0, 38000),
(783, 4, 2, 1, '2013-08-20 19:54:32', '2013-08-20 19:54:32', '', 1, 0, 0, 0, 0, 76000),
(784, 43, 2, 1, '2013-08-20 19:56:22', '2013-08-20 19:56:22', '', 1, 0, 0, 0, 0, 68000),
(785, 3, 2, 1, '2013-08-20 19:57:33', '2013-08-20 19:57:33', '', 1, 0, 0, 0, 0, 24000),
(786, 29, 2, 1, '2013-08-20 19:58:51', '2013-08-20 19:58:51', '', 1, 0, 0, 0, 0, 35000),
(787, 34, 2, 1, '2013-08-20 20:04:36', '2013-08-20 20:04:36', '', 1, 0, 0, 0, 0, 36000),
(788, 36, 2, 1, '2013-08-20 20:13:00', '2013-08-20 20:13:00', '', 1, 0, 0, 0, 0, 99000),
(789, 3, 2, 1, '2013-08-20 20:23:26', '2013-08-20 20:23:26', '', 1, 0, 0, 0, 0, 35000),
(790, 32, 2, 1, '2013-08-20 20:25:14', '2013-08-20 20:25:14', '', 1, 0, 0, 0, 0, 30000),
(791, 45, 2, 1, '2013-08-20 20:36:49', '2013-08-20 20:36:49', '', 1, 0, 0, 0, 0, 26000),
(792, 31, 2, 1, '2013-08-20 20:37:04', '2013-08-20 20:37:04', '', 1, 0, 0, 0, 0, 29000),
(793, 2, 2, 1, '2013-08-20 20:48:53', '2013-08-20 20:48:53', '', 1, 0, 0, 0, 0, 60000),
(794, 1, 2, 1, '2013-08-20 20:56:04', '2013-08-20 20:56:04', '', 1, 0, 0, 0, 0, 30000),
(795, 41, 2, 1, '2013-08-20 20:56:56', '2013-08-20 20:56:56', '', 1, 0, 0, 0, 0, 10000),
(796, 1, 2, 1, '2013-08-20 21:09:20', '2013-08-20 21:09:20', '', 1, 0, 0, 0, 0, 106000),
(797, 4, 2, 1, '2013-08-20 21:10:43', '2013-08-20 21:10:43', '', 1, 0, 0, 0, 0, 45000),
(798, 39, 2, 1, '2013-08-20 21:16:59', '2013-08-20 21:16:59', '', 1, 0, 0, 0, 0, 40000),
(799, 2, 2, 1, '2013-08-21 06:40:47', '2013-08-21 06:40:47', '', 1, 0, 0, 0, 0, 17000),
(800, 1, 2, 1, '2013-08-21 06:41:33', '2013-08-21 06:41:33', '', 1, 0, 0, 0, 0, 10000),
(801, 28, 2, 1, '2013-08-21 06:41:47', '2013-08-21 06:41:47', '', 1, 0, 0, 0, 0, 10000),
(802, 3, 2, 1, '2013-08-21 06:42:43', '2013-08-21 06:42:43', '', 1, 0, 0, 0, 0, 17000),
(803, 32, 2, 1, '2013-08-21 07:06:18', '2013-08-21 07:06:18', '', 1, 0, 0, 0, 0, 14000),
(804, 45, 2, 1, '2013-08-21 07:06:40', '2013-08-21 07:06:40', '', 1, 0, 0, 0, 0, 37000),
(805, 31, 2, 1, '2013-08-21 07:21:42', '2013-08-21 07:21:42', '', 1, 0, 0, 0, 0, 20000),
(806, 30, 2, 1, '2013-08-21 07:37:49', '2013-08-21 07:37:49', '', 1, 0, 0, 0, 0, 14000),
(807, 43, 2, 1, '2013-08-21 07:40:12', '2013-08-21 07:40:12', '', 1, 0, 0, 0, 0, 20000),
(808, 41, 2, 1, '2013-08-21 07:40:31', '2013-08-21 07:40:31', '', 1, 0, 0, 0, 0, 32000),
(809, 39, 2, 1, '2013-08-21 07:55:10', '2013-08-21 07:55:10', '', 1, 0, 0, 0, 0, 10000),
(810, 33, 2, 1, '2013-08-21 07:55:37', '2013-08-21 07:55:37', '', 1, 0, 0, 0, 0, 20000),
(811, 40, 2, 1, '2013-08-21 07:58:03', '2013-08-21 07:58:03', '', 1, 0, 0, 0, 0, 90000),
(812, 48, 2, 1, '2013-08-21 08:11:34', '2013-08-21 08:11:34', '', 1, 0, 0, 0, 0, 10000),
(813, 32, 2, 1, '2013-08-21 08:28:55', '2013-08-21 08:28:55', '', 1, 0, 0, 0, 0, 20000),
(814, 45, 2, 1, '2013-08-21 08:35:38', '2013-08-21 08:35:38', '', 1, 0, 0, 0, 0, 20000),
(815, 3, 2, 1, '2013-08-21 08:39:52', '2013-08-21 08:39:52', '', 1, 0, 0, 0, 0, 44000),
(816, 37, 2, 1, '2013-08-21 08:50:10', '2013-08-21 08:50:10', '', 1, 0, 0, 0, 0, 20000),
(817, 29, 2, 1, '2013-08-21 09:03:56', '2013-08-21 09:03:56', '', 1, 0, 0, 0, 0, 20000),
(818, 45, 2, 1, '2013-08-21 09:06:01', '2013-08-21 09:06:01', '', 1, 0, 0, 0, 0, 48000),
(819, 31, 1, 1, '2013-08-21 09:17:38', '2013-08-21 09:17:38', '', 1, 0, 0, 0, 0, 55000),
(820, 2, 1, 1, '2013-08-21 09:22:35', '2013-08-21 09:22:35', '', 1, 0, 0, 0, 0, 25000),
(821, 40, 1, 1, '2013-08-21 09:26:10', '2013-08-21 09:26:10', '', 1, 0, 0, 0, 0, 24000),
(822, 44, 1, 1, '2013-08-21 09:26:32', '2013-08-21 09:26:32', '', 1, 0, 0, 0, 0, 42000),
(823, 35, 1, 1, '2013-08-21 09:29:37', '2013-08-21 09:29:37', '', 1, 0, 0, 0, 0, 19000),
(824, 38, 1, 1, '2013-08-21 09:30:21', '2013-08-21 09:30:21', '', 1, 0, 0, 0, 0, 60000),
(825, 30, 1, 1, '2013-08-21 09:32:44', '2013-08-21 09:32:44', '', 1, 0, 0, 0, 0, 20000),
(826, 45, 1, 1, '2013-08-21 09:40:46', '2013-08-21 09:40:46', '', 1, 0, 0, 0, 0, 20000),
(827, 33, 1, 1, '2013-08-21 09:53:51', '2013-08-21 09:53:51', '', 1, 0, 0, 0, 0, 24000),
(828, 32, 1, 1, '2013-08-21 09:54:29', '2013-08-21 09:54:29', '', 1, 0, 0, 0, 0, 28000),
(829, 40, 1, 1, '2013-08-21 10:00:11', '2013-08-21 10:00:11', '', 1, 0, 0, 0, 0, 36000),
(830, 31, 2, 1, '2013-08-21 10:26:37', '2013-08-21 10:26:37', '', 1, 0, 0, 0, 0, 10000),
(831, 41, 2, 1, '2013-08-21 10:41:59', '2013-08-21 10:41:59', '', 1, 0, 0, 0, 0, 20000),
(832, 32, 2, 1, '2013-08-21 10:52:14', '2013-08-21 10:52:14', '', 1, 0, 0, 0, 0, 17000),
(833, 34, 2, 1, '2013-08-21 11:21:53', '2013-08-21 11:21:53', '', 1, 0, 0, 0, 0, 10000),
(834, 37, 2, 1, '2013-08-21 11:22:06', '2013-08-21 11:22:06', '', 1, 0, 0, 0, 0, 38000),
(835, 32, 1, 1, '2013-08-21 11:52:43', '2013-08-21 11:52:43', '', 1, 0, 0, 0, 0, 26000),
(836, 33, 2, 1, '2013-08-21 12:02:31', '2013-08-21 12:02:31', '', 1, 0, 0, 0, 0, 30000),
(837, 39, 2, 1, '2013-08-21 12:02:52', '2013-08-21 12:02:52', '', 1, 0, 0, 0, 0, 10000),
(838, 43, 2, 1, '2013-08-21 12:04:03', '2013-08-21 12:04:03', '', 1, 0, 0, 0, 0, 20000),
(839, 45, 2, 1, '2013-08-21 12:06:44', '2013-08-21 12:06:44', '', 1, 0, 0, 0, 0, 28000),
(840, 38, 2, 1, '2013-08-21 12:07:14', '2013-08-21 12:07:14', '', 1, 0, 0, 0, 0, 59000),
(841, 31, 2, 1, '2013-08-21 12:16:09', '2013-08-21 12:16:09', '', 1, 0, 0, 0, 0, 30000),
(842, 48, 2, 1, '2013-08-21 12:20:17', '2013-08-21 12:20:17', '', 1, 0, 0, 0, 0, 24000),
(843, 40, 2, 1, '2013-08-21 12:23:02', '2013-08-21 12:23:02', '', 1, 0, 0, 0, 0, 31000),
(844, 31, 2, 1, '2013-08-21 12:32:50', '2013-08-21 12:32:50', '', 1, 0, 0, 0, 0, 40000),
(845, 35, 2, 1, '2013-08-21 12:33:11', '2013-08-21 12:33:11', '', 1, 0, 0, 0, 0, 60000),
(846, 30, 2, 1, '2013-08-21 12:34:28', '2013-08-21 12:34:28', '', 1, 0, 0, 0, 0, 58000),
(847, 48, 2, 1, '2013-08-21 12:43:08', '2013-08-21 12:43:08', '', 1, 0, 0, 0, 0, 34000),
(848, 33, 2, 1, '2013-08-21 12:56:52', '2013-08-21 12:56:52', '', 1, 0, 0, 0, 0, 42000),
(849, 39, 2, 1, '2013-08-21 12:57:50', '2013-08-21 12:57:50', '', 1, 0, 0, 0, 0, 10000),
(850, 40, 2, 1, '2013-08-21 13:04:50', '2013-08-21 13:04:50', '', 1, 0, 0, 0, 0, 34000),
(851, 32, 2, 1, '2013-08-21 13:05:51', '2013-08-21 13:05:51', '', 1, 0, 0, 0, 0, 30000),
(852, 43, 2, 1, '2013-08-21 13:07:55', '2013-08-21 13:07:55', '', 1, 0, 0, 0, 0, 20000),
(853, 45, 2, 1, '2013-08-21 14:07:51', '2013-08-21 14:07:51', '', 1, 0, 0, 0, 0, 37000),
(854, 29, 2, 1, '2013-08-21 14:19:16', '2013-08-21 14:19:16', '', 1, 0, 0, 0, 0, 10000),
(855, 33, 2, 1, '2013-08-21 14:19:37', '2013-08-21 14:19:37', '', 1, 0, 0, 0, 0, 20000),
(856, 39, 2, 1, '2013-08-21 14:27:08', '2013-08-21 14:27:08', '', 1, 0, 0, 0, 0, 10000),
(857, 31, 2, 1, '2013-08-21 14:27:20', '2013-08-21 14:27:20', '', 1, 0, 0, 0, 0, 60000),
(858, 38, 2, 1, '2013-08-21 14:35:49', '2013-08-21 14:35:49', '', 1, 0, 0, 0, 0, 20000),
(859, 32, 2, 1, '2013-08-21 14:44:07', '2013-08-21 14:44:07', '', 1, 0, 0, 0, 0, 14000),
(860, 39, 2, 1, '2013-08-21 14:44:36', '2013-08-21 14:44:36', '', 1, 0, 0, 0, 0, 10000),
(861, 41, 2, 1, '2013-08-21 14:47:02', '2013-08-21 14:47:02', '', 1, 0, 0, 0, 0, 57000),
(862, 30, 2, 1, '2013-08-21 14:48:31', '2013-08-21 14:48:31', '', 1, 0, 0, 0, 0, 24000),
(863, 43, 2, 1, '2013-08-21 14:53:01', '2013-08-21 14:53:01', '', 1, 0, 0, 0, 0, 65000),
(864, 29, 2, 1, '2013-08-21 14:59:48', '2013-08-21 14:59:48', '', 1, 0, 0, 0, 0, 42000),
(865, 34, 2, 1, '2013-08-21 15:07:58', '2013-08-21 15:07:58', '', 1, 0, 0, 0, 0, 25000),
(866, 45, 2, 1, '2013-08-21 15:10:28', '2013-08-21 15:10:28', '', 1, 0, 0, 0, 0, 48000),
(867, 40, 2, 1, '2013-08-21 15:20:34', '2013-08-21 15:20:34', '', 1, 0, 0, 0, 0, 37000),
(868, 36, 2, 1, '2013-08-21 15:22:30', '2013-08-21 15:22:30', '', 1, 0, 0, 0, 0, 28000),
(869, 35, 2, 1, '2013-08-21 15:25:05', '2013-08-21 15:25:05', '', 1, 0, 0, 0, 0, 40000),
(870, 39, 2, 1, '2013-08-21 15:56:26', '2013-08-21 15:56:26', '', 1, 0, 0, 0, 0, 10000),
(871, 31, 2, 1, '2013-08-21 15:56:48', '2013-08-21 15:56:48', '', 1, 0, 0, 0, 0, 10000),
(872, 30, 2, 1, '2013-08-21 15:59:57', '2013-08-21 15:59:57', '', 1, 0, 0, 0, 0, 34000),
(873, 33, 2, 1, '2013-08-21 16:14:01', '2013-08-21 16:14:01', '', 1, 0, 0, 0, 0, 24000),
(874, 32, 2, 1, '2013-08-21 16:15:18', '2013-08-21 16:15:18', '', 1, 0, 0, 0, 0, 20000),
(875, 43, 2, 1, '2013-08-21 16:23:53', '2013-08-21 16:23:53', '', 1, 0, 0, 0, 0, 49000),
(876, 37, 2, 1, '2013-08-21 16:30:24', '2013-08-21 16:30:24', '', 1, 0, 0, 0, 0, 20000),
(877, 1, 2, 1, '2013-08-21 16:46:06', '2013-08-21 16:46:06', '', 1, 0, 0, 0, 0, 20000),
(878, 30, 2, 1, '2013-08-21 16:53:58', '2013-08-21 16:53:58', '', 1, 0, 0, 0, 0, 43000),
(879, 3, 2, 1, '2013-08-21 17:31:48', '2013-08-21 17:31:48', '', 1, 0, 0, 0, 0, 10000),
(880, 41, 2, 1, '2013-08-21 17:36:25', '2013-08-21 17:36:25', '', 1, 0, 0, 0, 0, 40000),
(881, 43, 2, 1, '2013-08-21 17:36:30', '2013-08-21 17:36:30', '', 1, 0, 0, 0, 0, 42000),
(882, 33, 2, 1, '2013-08-21 18:25:41', '2013-08-21 18:25:41', '', 1, 0, 0, 0, 0, 59000),
(883, 30, 2, 1, '2013-08-21 18:34:10', '2013-08-21 18:34:10', '', 1, 0, 0, 0, 0, 34000),
(884, 32, 2, 1, '2013-08-21 18:45:41', '2013-08-21 18:45:41', '', 1, 0, 0, 0, 0, 15000),
(885, 44, 2, 1, '2013-08-21 18:47:20', '2013-08-21 18:47:20', '', 1, 0, 0, 0, 0, 24000),
(886, 31, 2, 1, '2013-08-21 18:52:20', '2013-08-21 18:52:20', '', 1, 0, 0, 0, 0, 24000),
(887, 35, 2, 1, '2013-08-21 18:53:39', '2013-08-21 18:53:39', '', 1, 0, 0, 0, 0, 76000),
(888, 34, 2, 1, '2013-08-21 18:56:42', '2013-08-21 18:56:42', '', 1, 0, 0, 0, 0, 29000),
(889, 28, 2, 1, '2013-08-21 18:58:49', '2013-08-21 18:58:49', '', 1, 0, 0, 0, 0, 20000),
(890, 42, 2, 1, '2013-08-21 19:02:35', '2013-08-21 19:02:35', '', 1, 0, 0, 0, 0, 20000),
(891, 4, 2, 1, '2013-08-21 19:06:04', '2013-08-21 19:06:04', '', 1, 0, 0, 0, 0, 48000),
(892, 40, 2, 1, '2013-08-21 19:08:58', '2013-08-21 19:08:58', '', 1, 0, 0, 0, 0, 0),
(893, 40, 2, 1, '2013-08-21 19:09:22', '2013-08-21 19:09:22', '', 1, 0, 0, 0, 0, 85000),
(894, 1, 2, 1, '2013-08-21 19:11:23', '2013-08-21 19:11:23', '', 1, 0, 0, 0, 0, 53000),
(895, 45, 2, 1, '2013-08-21 19:11:50', '2013-08-21 19:11:50', '', 1, 0, 0, 0, 0, 34000),
(896, 38, 2, 1, '2013-08-21 19:12:10', '2013-08-21 19:12:10', '', 1, 0, 0, 0, 0, 10000),
(897, 39, 2, 1, '2013-08-21 19:13:34', '2013-08-21 19:13:34', '', 1, 0, 0, 0, 0, 28000),
(898, 36, 2, 1, '2013-08-21 19:14:59', '2013-08-21 19:14:59', '', 1, 0, 0, 0, 0, 31000),
(899, 30, 2, 1, '2013-08-21 19:19:06', '2013-08-21 19:19:06', '', 1, 0, 0, 0, 0, 14000),
(900, 59, 2, 1, '2013-08-21 19:19:44', '2013-08-21 19:19:44', '', 1, 0, 0, 0, 0, 27000),
(901, 29, 2, 1, '2013-08-21 19:21:51', '2013-08-21 19:21:51', '', 1, 0, 0, 0, 0, 30000),
(902, 41, 2, 1, '2013-08-21 19:22:37', '2013-08-21 19:22:37', '', 1, 0, 0, 0, 0, 40000),
(903, 3, 2, 1, '2013-08-21 19:40:47', '2013-08-21 19:40:47', '', 1, 0, 0, 0, 0, 60000),
(904, 2, 2, 1, '2013-08-21 19:41:20', '2013-08-21 19:41:20', '', 1, 0, 0, 0, 0, 65000),
(905, 43, 2, 1, '2013-08-21 19:43:52', '2013-08-21 19:43:52', '', 1, 0, 0, 0, 0, 20000),
(906, 32, 2, 1, '2013-08-21 19:49:37', '2013-08-21 19:49:37', '', 1, 0, 0, 0, 0, 40000),
(907, 40, 1, 1, '2013-08-21 19:59:03', '2013-08-21 19:59:03', '', 1, 0, 0, 0, 0, 10000),
(908, 37, 1, 1, '2013-08-21 20:01:34', '2013-08-21 20:01:34', '', 1, 0, 0, 0, 0, 54000),
(909, 28, 1, 1, '2013-08-21 20:02:31', '2013-08-21 20:02:31', '', 1, 0, 0, 0, 0, 20000),
(910, 36, 1, 1, '2013-08-21 20:03:04', '2013-08-21 20:03:04', '', 1, 0, 0, 0, 0, 20000),
(911, 48, 1, 1, '2013-08-21 20:15:55', '2013-08-21 20:15:55', '', 1, 0, 0, 0, 0, 24000),
(912, 43, 1, 1, '2013-08-21 20:59:37', '2013-08-21 20:59:37', '', 1, 0, 0, 0, 0, 34000),
(913, 36, 1, 1, '2013-08-21 21:05:11', '2013-08-21 21:05:11', '', 1, 0, 0, 0, 0, 30000),
(914, 3, 1, 1, '2013-08-21 21:23:37', '2013-08-21 21:23:37', '', 1, 0, 0, 0, 0, 30000),
(915, 2, 1, 1, '2013-08-21 21:45:09', '2013-08-21 21:45:09', '', 1, 0, 0, 0, 0, 7000),
(916, 39, 2, 1, '2013-08-22 06:48:29', '2013-08-22 06:48:29', '', 1, 0, 0, 0, 0, 50000),
(917, 1, 2, 1, '2013-08-22 07:09:29', '2013-08-22 07:09:29', '', 1, 0, 0, 0, 0, 19000),
(918, 28, 2, 1, '2013-08-22 07:39:20', '2013-08-22 07:39:20', '', 1, 0, 0, 0, 0, 20000),
(919, 28, 2, 1, '2013-08-22 07:39:59', '2013-08-22 07:39:59', '', 1, 0, 0, 0, 0, 58000),
(920, 40, 2, 1, '2013-08-22 07:48:40', '2013-08-22 07:48:40', '', 1, 0, 0, 0, 0, 62000),
(921, 30, 2, 1, '2013-08-22 07:53:19', '2013-08-22 07:53:19', '', 1, 0, 0, 0, 0, 32000),
(922, 35, 2, 1, '2013-08-22 08:01:22', '2013-08-22 08:01:22', '', 1, 0, 0, 0, 0, 20000),
(923, 3, 2, 1, '2013-08-22 08:02:30', '2013-08-22 08:02:30', '', 1, 0, 0, 0, 0, 20000),
(924, 45, 2, 1, '2013-08-22 08:02:51', '2013-08-22 08:02:51', '', 1, 0, 0, 0, 0, 20000),
(925, 33, 2, 1, '2013-08-22 08:06:31', '2013-08-22 08:06:31', '', 1, 0, 0, 0, 0, 57000),
(926, 32, 2, 1, '2013-08-22 08:12:54', '2013-08-22 08:12:54', '', 1, 0, 0, 0, 0, 21000),
(927, 49, 2, 1, '2013-08-22 08:16:09', '2013-08-22 08:16:09', '', 1, 0, 0, 0, 0, 10000),
(928, 41, 2, 1, '2013-08-22 08:21:04', '2013-08-22 08:21:04', '', 1, 0, 0, 0, 0, 10000),
(929, 29, 2, 1, '2013-08-22 08:27:48', '2013-08-22 08:27:48', '', 1, 0, 0, 0, 0, 20000),
(930, 44, 2, 1, '2013-08-22 08:28:11', '2013-08-22 08:28:11', '', 1, 0, 0, 0, 0, 17000),
(931, 31, 2, 1, '2013-08-22 08:35:03', '2013-08-22 08:35:03', '', 1, 0, 0, 0, 0, 27000),
(932, 43, 2, 1, '2013-08-22 08:40:08', '2013-08-22 08:40:08', '', 1, 0, 0, 0, 0, 82000),
(933, 35, 2, 1, '2013-08-22 08:44:50', '2013-08-22 08:44:50', '', 1, 0, 0, 0, 0, 48000),
(934, 1, 2, 1, '2013-08-22 08:45:07', '2013-08-22 08:45:07', '', 1, 0, 0, 0, 0, 20000),
(935, 32, 2, 1, '2013-08-22 08:52:45', '2013-08-22 08:52:45', '', 1, 0, 0, 0, 0, 20000),
(936, 30, 2, 1, '2013-08-22 08:56:12', '2013-08-22 08:56:12', '', 1, 0, 0, 0, 0, 34000),
(937, 36, 2, 1, '2013-08-22 09:07:37', '2013-08-22 09:07:37', '', 1, 0, 0, 0, 0, 45000),
(938, 45, 2, 1, '2013-08-22 09:35:20', '2013-08-22 09:35:20', '', 1, 0, 0, 0, 0, 74000),
(939, 29, 2, 1, '2013-08-22 09:47:22', '2013-08-22 09:47:22', '', 1, 0, 0, 0, 0, 0),
(940, 29, 2, 1, '2013-08-22 09:48:20', '2013-08-22 09:48:20', '', 1, 0, 0, 0, 0, 25000),
(941, 41, 2, 1, '2013-08-22 09:58:19', '2013-08-22 09:58:19', '', 1, 0, 0, 0, 0, 50000),
(942, 38, 2, 1, '2013-08-22 10:04:13', '2013-08-22 10:04:13', '', 1, 0, 0, 0, 0, 30000),
(943, 43, 2, 1, '2013-08-22 10:06:12', '2013-08-22 10:06:12', '', 1, 0, 0, 0, 0, 10000),
(944, 40, 2, 1, '2013-08-22 10:06:27', '2013-08-22 10:06:27', '', 1, 0, 0, 0, 0, 20000),
(945, 32, 2, 1, '2013-08-22 10:09:14', '2013-08-22 10:09:14', '', 1, 0, 0, 0, 0, 20000),
(946, 34, 2, 1, '2013-08-22 10:10:39', '2013-08-22 10:10:39', '', 1, 0, 0, 0, 0, 15000),
(947, 30, 2, 1, '2013-08-22 10:22:31', '2013-08-22 10:22:31', '', 1, 0, 0, 0, 0, 50000),
(948, 39, 2, 1, '2013-08-22 10:27:36', '2013-08-22 10:27:36', '', 1, 0, 0, 0, 0, 40000),
(949, 42, 2, 1, '2013-08-22 10:38:27', '2013-08-22 10:38:27', '', 1, 0, 0, 0, 0, 25000),
(950, 31, 2, 1, '2013-08-22 10:48:01', '2013-08-22 10:48:01', '', 1, 0, 0, 0, 0, 39000),
(951, 33, 2, 1, '2013-08-22 10:51:19', '2013-08-22 10:51:19', '', 1, 0, 0, 0, 0, 30000),
(952, 36, 2, 1, '2013-08-22 10:54:55', '2013-08-22 10:54:55', '', 1, 0, 0, 0, 0, 55000),
(953, 43, 2, 1, '2013-08-22 10:57:22', '2013-08-22 10:57:22', '', 1, 0, 0, 0, 0, 36000),
(954, 48, 2, 1, '2013-08-22 11:19:02', '2013-08-22 11:19:02', '', 1, 0, 0, 0, 0, 14000),
(955, 33, 2, 1, '2013-08-22 11:20:48', '2013-08-22 11:20:48', '', 1, 0, 0, 0, 0, 10000),
(956, 39, 2, 1, '2013-08-22 11:20:57', '2013-08-22 11:20:57', '', 1, 0, 0, 0, 0, 10000),
(957, 37, 2, 1, '2013-08-22 11:21:47', '2013-08-22 11:21:47', '', 1, 0, 0, 0, 0, 24000),
(958, 40, 2, 1, '2013-08-22 11:28:31', '2013-08-22 11:28:31', '', 1, 0, 0, 0, 0, 10000),
(959, 35, 2, 1, '2013-08-22 11:35:45', '2013-08-22 11:35:45', '', 1, 0, 0, 0, 0, 10000),
(960, 31, 2, 1, '2013-08-22 11:55:34', '2013-08-22 11:55:34', '', 1, 0, 0, 0, 0, 10000),
(961, 35, 2, 1, '2013-08-22 11:58:49', '2013-08-22 11:58:49', '', 1, 0, 0, 0, 0, 15000),
(962, 34, 2, 1, '2013-08-22 12:23:09', '2013-08-22 12:23:09', '', 1, 0, 0, 0, 0, 10000),
(963, 43, 2, 1, '2013-08-22 12:34:47', '2013-08-22 12:34:47', '', 1, 0, 0, 0, 0, 0),
(964, 43, 2, 1, '2013-08-22 12:35:13', '2013-08-22 12:35:13', '', 1, 0, 0, 0, 0, 31000),
(965, 32, 2, 1, '2013-08-22 12:35:50', '2013-08-22 12:35:50', '', 1, 0, 0, 0, 0, 9000),
(966, 41, 2, 1, '2013-08-22 12:52:13', '2013-08-22 12:52:13', '', 1, 0, 0, 0, 0, 20000),
(967, 33, 2, 1, '2013-08-22 12:58:54', '2013-08-22 12:58:54', '', 1, 0, 0, 0, 0, 20000),
(968, 30, 2, 1, '2013-08-22 13:00:43', '2013-08-22 13:00:43', '', 1, 0, 0, 0, 0, 29000),
(969, 31, 2, 1, '2013-08-22 13:06:33', '2013-08-22 13:06:33', '', 1, 0, 0, 0, 0, 20000),
(970, 43, 2, 1, '2013-08-22 13:39:52', '2013-08-22 13:39:52', '', 1, 0, 0, 0, 0, 10000),
(971, 31, 2, 1, '2013-08-22 13:52:44', '2013-08-22 13:52:44', '', 1, 0, 0, 0, 0, 37000),
(972, 4, 2, 1, '2013-08-22 13:58:47', '2013-08-22 13:58:47', '', 1, 0, 0, 0, 0, 10000),
(973, 44, 2, 1, '2013-08-22 13:59:04', '2013-08-22 13:59:04', '', 1, 0, 0, 0, 0, 20000),
(974, 34, 2, 1, '2013-08-22 13:59:21', '2013-08-22 13:59:21', '', 1, 0, 0, 0, 0, 32000),
(975, 29, 2, 1, '2013-08-22 14:09:31', '2013-08-22 14:09:31', '', 1, 0, 0, 0, 0, 50000),
(976, 33, 2, 1, '2013-08-22 14:12:16', '2013-08-22 14:12:16', '', 1, 0, 0, 0, 0, 46000),
(977, 35, 2, 1, '2013-08-22 14:16:55', '2013-08-22 14:16:55', '', 1, 0, 0, 0, 0, 10000),
(978, 30, 2, 1, '2013-08-22 14:26:41', '2013-08-22 14:26:41', '', 1, 0, 0, 0, 0, 10000),
(979, 39, 2, 1, '2013-08-22 14:31:19', '2013-08-22 14:31:19', '', 1, 0, 0, 0, 0, 30000),
(980, 43, 2, 1, '2013-08-22 14:34:26', '2013-08-22 14:34:26', '', 1, 0, 0, 0, 0, 26000),
(981, 40, 2, 1, '2013-08-22 14:38:40', '2013-08-22 14:38:40', '', 1, 0, 0, 0, 0, 27000),
(982, 42, 2, 1, '2013-08-22 14:42:34', '2013-08-22 14:42:34', '', 1, 0, 0, 0, 0, 27000),
(983, 45, 2, 1, '2013-08-22 15:02:40', '2013-08-22 15:02:40', '', 1, 0, 0, 0, 0, 35000),
(984, 41, 2, 1, '2013-08-22 15:03:48', '2013-08-22 15:03:48', '', 1, 0, 0, 0, 0, 40000),
(985, 31, 2, 1, '2013-08-22 15:05:07', '2013-08-22 15:05:07', '', 1, 0, 0, 0, 0, 12000),
(986, 36, 2, 1, '2013-08-22 15:07:08', '2013-08-22 15:07:08', '', 1, 0, 0, 0, 0, 30000),
(987, 59, 2, 1, '2013-08-22 15:07:31', '2013-08-22 15:07:31', '', 1, 0, 0, 0, 0, 28000),
(988, 44, 2, 1, '2013-08-22 15:16:05', '2013-08-22 15:16:05', '', 1, 0, 0, 0, 0, 42000),
(989, 32, 2, 1, '2013-08-22 15:34:03', '2013-08-22 15:34:03', '', 1, 0, 0, 0, 0, 19000),
(990, 33, 2, 1, '2013-08-22 15:44:13', '2013-08-22 15:44:13', '', 1, 0, 0, 0, 0, 15000),
(991, 49, 2, 1, '2013-08-22 15:58:05', '2013-08-22 15:58:05', '', 1, 0, 0, 0, 0, 60000),
(992, 34, 2, 1, '2013-08-22 16:01:07', '2013-08-22 16:01:07', '', 1, 0, 0, 0, 0, 37000),
(993, 33, 2, 1, '2013-08-22 16:09:20', '2013-08-22 16:09:20', '', 1, 0, 0, 0, 0, 10000),
(994, 40, 2, 1, '2013-08-22 16:09:52', '2013-08-22 16:09:52', '', 1, 0, 0, 0, 0, 24000),
(995, 45, 2, 1, '2013-08-22 16:11:00', '2013-08-22 16:11:00', '', 1, 0, 0, 0, 0, 17000),
(996, 1, 2, 1, '2013-08-22 16:56:03', '2013-08-22 16:56:03', '', 1, 0, 0, 0, 0, 44000),
(997, 2, 2, 1, '2013-08-22 16:56:05', '2013-08-22 16:56:05', '', 1, 0, 0, 0, 0, 20000),
(998, 32, 2, 1, '2013-08-22 17:14:02', '2013-08-22 17:14:02', '', 1, 0, 0, 0, 0, 20000),
(999, 3, 2, 1, '2013-08-22 17:28:18', '2013-08-22 17:28:18', '', 1, 0, 0, 0, 0, 10000),
(1000, 36, 2, 1, '2013-08-22 17:45:50', '2013-08-22 17:45:50', '', 1, 0, 0, 0, 0, 20000),
(1001, 31, 2, 1, '2013-08-22 18:08:36', '2013-08-22 18:08:36', '', 1, 0, 0, 0, 0, 25000),
(1002, 33, 2, 1, '2013-08-22 18:32:56', '2013-08-22 18:32:56', '', 1, 0, 0, 0, 0, 19000),
(1003, 43, 2, 1, '2013-08-22 18:33:38', '2013-08-22 18:33:38', '', 1, 0, 0, 0, 0, 37000),
(1004, 39, 2, 1, '2013-08-22 18:46:28', '2013-08-22 18:46:28', '', 1, 0, 0, 0, 0, 10000),
(1005, 35, 2, 1, '2013-08-22 18:50:16', '2013-08-22 18:50:16', '', 1, 0, 0, 0, 0, 30000),
(1006, 45, 2, 1, '2013-08-22 18:57:01', '2013-08-22 18:57:01', '', 1, 0, 0, 0, 0, 77000),
(1007, 36, 2, 1, '2013-08-22 19:00:58', '2013-08-22 19:00:58', '', 1, 0, 0, 0, 0, 10000),
(1008, 2, 2, 1, '2013-08-22 19:03:30', '2013-08-22 19:03:30', '', 1, 0, 0, 0, 0, 43000),
(1009, 34, 2, 1, '2013-08-22 19:04:21', '2013-08-22 19:04:21', '', 1, 0, 0, 0, 0, 10000),
(1010, 32, 2, 1, '2013-08-22 19:05:09', '2013-08-22 19:05:09', '', 1, 0, 0, 0, 0, 10000),
(1011, 41, 2, 1, '2013-08-22 19:16:41', '2013-08-22 19:16:41', '', 1, 0, 0, 0, 0, 20000),
(1012, 39, 2, 1, '2013-08-22 19:20:51', '2013-08-22 19:20:51', '', 1, 0, 0, 0, 0, 20000),
(1013, 59, 2, 1, '2013-08-22 19:21:04', '2013-08-22 19:21:04', '', 1, 0, 0, 0, 0, 24000),
(1014, 3, 2, 1, '2013-08-22 19:21:24', '2013-08-22 19:21:24', '', 1, 0, 0, 0, 0, 25000),
(1015, 40, 2, 1, '2013-08-22 19:22:12', '2013-08-22 19:22:12', '', 1, 0, 0, 0, 0, 20000),
(1016, 30, 2, 1, '2013-08-22 19:22:32', '2013-08-22 19:22:32', '', 1, 0, 0, 0, 0, 20000),
(1017, 34, 2, 1, '2013-08-22 19:31:32', '2013-08-22 19:31:32', '', 1, 0, 0, 0, 0, 24000),
(1018, 4, 2, 1, '2013-08-22 19:33:17', '2013-08-22 19:33:17', '', 1, 0, 0, 0, 0, 22000),
(1019, 41, 2, 1, '2013-08-22 19:36:17', '2013-08-22 19:36:17', '', 1, 0, 0, 0, 0, 56000),
(1020, 44, 2, 1, '2013-08-22 19:43:06', '2013-08-22 19:43:06', '', 1, 0, 0, 0, 0, 68000),
(1021, 33, 2, 1, '2013-08-22 19:43:42', '2013-08-22 19:43:42', '', 1, 0, 0, 0, 0, 31000),
(1022, 29, 2, 1, '2013-08-22 19:44:03', '2013-08-22 19:44:03', '', 1, 0, 0, 0, 0, 30000),
(1023, 42, 2, 1, '2013-08-22 19:46:02', '2013-08-22 19:46:02', '', 1, 0, 0, 0, 0, 24000),
(1024, 37, 2, 1, '2013-08-22 19:52:05', '2013-08-22 19:52:05', '', 1, 0, 0, 0, 0, 23000),
(1025, 32, 2, 1, '2013-08-22 20:01:35', '2013-08-22 20:01:35', '', 1, 0, 0, 0, 0, 25000),
(1026, 1, 2, 1, '2013-08-22 20:28:12', '2013-08-22 20:28:12', '', 1, 0, 0, 0, 0, 65000),
(1027, 33, 2, 1, '2013-08-22 20:32:45', '2013-08-22 20:32:45', '', 1, 0, 0, 0, 0, 28000),
(1028, 28, 2, 1, '2013-08-22 20:38:19', '2013-08-22 20:38:19', '', 1, 0, 0, 0, 0, 77000),
(1029, 31, 2, 1, '2013-08-22 20:48:46', '2013-08-22 20:48:46', '', 1, 0, 0, 0, 0, 10000),
(1030, 39, 2, 1, '2013-08-22 20:52:17', '2013-08-22 20:52:17', '', 1, 0, 0, 0, 0, 20000),
(1031, 38, 2, 1, '2013-08-22 20:58:02', '2013-08-22 20:58:02', '', 1, 0, 0, 0, 0, 30000),
(1032, 44, 2, 1, '2013-08-22 21:38:06', '2013-08-22 21:38:06', '', 1, 0, 0, 0, 0, 20000),
(1033, 3, 2, 1, '2013-08-22 21:45:11', '2013-08-22 21:45:11', '', 1, 0, 0, 0, 0, 20000),
(1034, 2, 2, 1, '2013-08-23 06:54:56', '2013-08-23 06:54:56', '', 1, 0, 0, 0, 0, 37000),
(1035, 32, 2, 1, '2013-08-23 06:55:24', '2013-08-23 06:55:24', '', 1, 0, 0, 0, 0, 10000),
(1036, 35, 2, 1, '2013-08-23 07:02:06', '2013-08-23 07:02:06', '', 1, 0, 0, 0, 0, 29000),
(1037, 1, 2, 1, '2013-08-23 07:02:39', '2013-08-23 07:02:39', '', 1, 0, 0, 0, 0, 20000),
(1038, 39, 2, 1, '2013-08-23 07:03:06', '2013-08-23 07:03:06', '', 1, 0, 0, 0, 0, 20000),
(1039, 48, 2, 1, '2013-08-23 07:05:36', '2013-08-23 07:05:36', '', 1, 0, 0, 0, 0, 20000),
(1040, 45, 2, 1, '2013-08-23 07:16:28', '2013-08-23 07:16:28', '', 1, 0, 0, 0, 0, 10000),
(1041, 40, 2, 1, '2013-08-23 07:17:12', '2013-08-23 07:17:12', '', 1, 0, 0, 0, 0, 54000),
(1042, 43, 2, 1, '2013-08-23 07:17:59', '2013-08-23 07:17:59', '', 1, 0, 0, 0, 0, 28000),
(1043, 31, 2, 1, '2013-08-23 07:21:56', '2013-08-23 07:21:56', '', 1, 0, 0, 0, 0, 24000),
(1044, 30, 2, 1, '2013-08-23 07:32:44', '2013-08-23 07:32:44', '', 1, 0, 0, 0, 0, 77000),
(1045, 33, 2, 1, '2013-08-23 07:33:12', '2013-08-23 07:33:12', '', 1, 0, 0, 0, 0, 37000),
(1046, 44, 2, 1, '2013-08-23 07:33:34', '2013-08-23 07:33:34', '', 1, 0, 0, 0, 0, 38000),
(1047, 39, 2, 1, '2013-08-23 07:37:13', '2013-08-23 07:37:13', '', 1, 0, 0, 0, 0, 20000),
(1048, 45, 2, 1, '2013-08-23 07:47:37', '2013-08-23 07:47:37', '', 1, 0, 0, 0, 0, 20000),
(1049, 41, 2, 1, '2013-08-23 07:48:43', '2013-08-23 07:48:43', '', 1, 0, 0, 0, 0, 60000),
(1050, 31, 2, 1, '2013-08-23 07:57:29', '2013-08-23 07:57:29', '', 1, 0, 0, 0, 0, 67000),
(1051, 31, 2, 1, '2013-08-23 08:10:29', '2013-08-23 08:10:29', '', 1, 0, 0, 0, 0, 17000),
(1052, 28, 2, 1, '2013-08-23 08:14:03', '2013-08-23 08:14:03', '', 1, 0, 0, 0, 0, 39000),
(1053, 2, 2, 1, '2013-08-23 08:18:55', '2013-08-23 08:18:55', '', 1, 0, 0, 0, 0, 93000),
(1054, 30, 2, 1, '2013-08-23 08:25:25', '2013-08-23 08:25:25', '', 1, 0, 0, 0, 0, 24000),
(1055, 38, 2, 1, '2013-08-23 08:26:16', '2013-08-23 08:26:16', '', 1, 0, 0, 0, 0, 44000),
(1056, 29, 2, 1, '2013-08-23 08:32:09', '2013-08-23 08:32:09', '', 1, 0, 0, 0, 0, 20000),
(1057, 35, 2, 1, '2013-08-23 08:36:28', '2013-08-23 08:36:28', '', 1, 0, 0, 0, 0, 36000),
(1058, 45, 2, 1, '2013-08-23 08:59:21', '2013-08-23 08:59:21', '', 1, 0, 0, 0, 0, 18000),
(1059, 43, 2, 1, '2013-08-23 08:59:44', '2013-08-23 08:59:44', '', 1, 0, 0, 0, 0, 20000),
(1060, 31, 2, 1, '2013-08-23 09:10:31', '2013-08-23 09:10:31', '', 1, 0, 0, 0, 0, 59000),
(1061, 32, 2, 1, '2013-08-23 09:18:06', '2013-08-23 09:18:06', '', 1, 0, 0, 0, 0, 37000),
(1062, 30, 2, 1, '2013-08-23 09:53:05', '2013-08-23 09:53:05', '', 1, 0, 0, 0, 0, 30000),
(1063, 35, 2, 1, '2013-08-23 09:53:23', '2013-08-23 09:53:23', '', 1, 0, 0, 0, 0, 20000),
(1064, 35, 2, 1, '2013-08-23 09:53:36', '2013-08-23 09:53:36', '', 1, 0, 0, 0, 0, 28000),
(1065, 36, 2, 1, '2013-08-23 09:53:50', '2013-08-23 09:53:50', '', 1, 0, 0, 0, 0, 41000),
(1066, 41, 2, 1, '2013-08-23 09:56:26', '2013-08-23 09:56:26', '', 1, 0, 0, 0, 0, 63000),
(1067, 29, 2, 1, '2013-08-23 09:57:25', '2013-08-23 09:57:25', '', 1, 0, 0, 0, 0, 10000),
(1068, 39, 2, 1, '2013-08-23 09:57:48', '2013-08-23 09:57:48', '', 1, 0, 0, 0, 0, 30000),
(1069, 45, 2, 1, '2013-08-23 09:59:21', '2013-08-23 09:59:21', '', 1, 0, 0, 0, 0, 43000),
(1070, 44, 2, 1, '2013-08-23 09:59:41', '2013-08-23 09:59:41', '', 1, 0, 0, 0, 0, 20000),
(1071, 29, 2, 1, '2013-08-23 10:04:09', '2013-08-23 10:04:09', '', 1, 0, 0, 0, 0, 20000),
(1072, 43, 2, 1, '2013-08-23 10:17:44', '2013-08-23 10:17:44', '', 1, 0, 0, 0, 0, 10000),
(1073, 32, 2, 1, '2013-08-23 10:21:22', '2013-08-23 10:21:22', '', 1, 0, 0, 0, 0, 10000),
(1074, 33, 2, 1, '2013-08-23 10:22:13', '2013-08-23 10:22:13', '', 1, 0, 0, 0, 0, 36000),
(1075, 44, 2, 1, '2013-08-23 10:38:56', '2013-08-23 10:38:56', '', 1, 0, 0, 0, 0, 42000),
(1076, 41, 2, 1, '2013-08-23 10:39:22', '2013-08-23 10:39:22', '', 1, 0, 0, 0, 0, 45000),
(1077, 43, 2, 1, '2013-08-23 11:08:29', '2013-08-23 11:08:29', '', 1, 0, 0, 0, 0, 20000),
(1078, 30, 2, 1, '2013-08-23 11:16:44', '2013-08-23 11:16:44', '', 1, 0, 0, 0, 0, 26000),
(1079, 37, 2, 1, '2013-08-23 11:19:32', '2013-08-23 11:19:32', '', 1, 0, 0, 0, 0, 10000),
(1080, 31, 2, 1, '2013-08-23 11:23:24', '2013-08-23 11:23:24', '', 1, 0, 0, 0, 0, 47000),
(1081, 32, 2, 1, '2013-08-23 11:23:43', '2013-08-23 11:23:43', '', 1, 0, 0, 0, 0, 10000),
(1082, 39, 2, 1, '2013-08-23 11:38:51', '2013-08-23 11:38:51', '', 1, 0, 0, 0, 0, 10000),
(1083, 2, 2, 1, '2013-08-23 11:43:20', '2013-08-23 11:43:20', '', 1, 0, 0, 0, 0, 50000),
(1084, 39, 2, 1, '2013-08-23 11:51:25', '2013-08-23 11:51:25', '', 1, 0, 0, 0, 0, 10000),
(1085, 1, 2, 1, '2013-08-23 11:58:48', '2013-08-23 11:58:48', '', 1, 0, 0, 0, 0, 10000),
(1086, 39, 2, 1, '2013-08-23 12:09:15', '2013-08-23 12:09:15', '', 1, 0, 0, 0, 0, 17000),
(1087, 43, 2, 1, '2013-08-23 12:15:08', '2013-08-23 12:15:08', '', 1, 0, 0, 0, 0, 50000),
(1088, 34, 2, 1, '2013-08-23 12:16:51', '2013-08-23 12:16:51', '', 1, 0, 0, 0, 0, 10000),
(1089, 32, 2, 1, '2013-08-23 12:29:33', '2013-08-23 12:29:33', '', 1, 0, 0, 0, 0, 17000),
(1090, 33, 2, 1, '2013-08-23 12:37:56', '2013-08-23 12:37:56', '', 1, 0, 0, 0, 0, 59000),
(1091, 1, 2, 1, '2013-08-23 12:42:10', '2013-08-23 12:42:10', '', 1, 0, 0, 0, 0, 68000),
(1092, 30, 2, 1, '2013-08-23 12:52:14', '2013-08-23 12:52:14', '', 1, 0, 0, 0, 0, 24000),
(1093, 44, 2, 1, '2013-08-23 13:00:05', '2013-08-23 13:00:05', '', 1, 0, 0, 0, 0, 93000),
(1094, 48, 2, 1, '2013-08-23 13:05:42', '2013-08-23 13:05:42', '', 1, 0, 0, 0, 0, 32000),
(1095, 29, 2, 1, '2013-08-23 13:25:05', '2013-08-23 13:25:05', '', 1, 0, 0, 0, 0, 10000),
(1096, 41, 2, 1, '2013-08-23 13:35:36', '2013-08-23 13:35:36', '', 1, 0, 0, 0, 0, 10000),
(1097, 43, 2, 1, '2013-08-23 13:38:50', '2013-08-23 13:38:50', '', 1, 0, 0, 0, 0, 37000),
(1098, 30, 1, 1, '2013-08-23 13:56:42', '2013-08-23 13:56:42', '', 1, 0, 0, 0, 0, 10000),
(1099, 39, 1, 1, '2013-08-23 13:56:52', '2013-08-23 13:56:52', '', 1, 0, 0, 0, 0, 30000),
(1100, 44, 1, 1, '2013-08-23 14:07:00', '2013-08-23 14:07:00', '', 1, 0, 0, 0, 0, 24000),
(1101, 29, 1, 1, '2013-08-23 14:12:28', '2013-08-23 14:12:28', '', 1, 0, 0, 0, 0, 47000),
(1102, 33, 1, 1, '2013-08-23 14:12:48', '2013-08-23 14:12:48', '', 1, 0, 0, 0, 0, 40000),
(1103, 45, 1, 1, '2013-08-23 14:17:35', '2013-08-23 14:17:35', '', 1, 0, 0, 0, 0, 55000),
(1104, 32, 1, 1, '2013-08-23 14:18:38', '2013-08-23 14:18:38', '', 1, 0, 0, 0, 0, 20000),
(1105, 31, 1, 1, '2013-08-23 14:41:00', '2013-08-23 14:41:00', '', 1, 0, 0, 0, 0, 46000),
(1106, 43, 1, 1, '2013-08-23 14:41:22', '2013-08-23 14:41:22', '', 1, 0, 0, 0, 0, 25000),
(1107, 42, 1, 1, '2013-08-23 14:43:39', '2013-08-23 14:43:39', '', 1, 0, 0, 0, 0, 10000),
(1108, 40, 1, 1, '2013-08-23 14:53:35', '2013-08-23 14:53:35', '', 1, 0, 0, 0, 0, 20000),
(1109, 32, 1, 1, '2013-08-23 15:13:47', '2013-08-23 15:13:47', '', 1, 0, 0, 0, 0, 50000),
(1110, 33, 1, 1, '2013-08-23 15:29:23', '2013-08-23 15:29:23', '', 1, 0, 0, 0, 0, 20000),
(1111, 2, 1, 1, '2013-08-23 15:42:11', '2013-08-23 15:42:11', '', 1, 0, 0, 0, 0, 21000),
(1112, 31, 1, 1, '2013-08-23 15:46:12', '2013-08-23 15:46:12', '', 1, 0, 0, 0, 0, 14000),
(1113, 1, 1, 1, '2013-08-23 16:08:46', '2013-08-23 16:08:46', '', 1, 0, 0, 0, 0, 25000),
(1114, 45, 1, 1, '2013-08-23 16:25:42', '2013-08-23 16:25:42', '', 1, 0, 0, 0, 0, 12000),
(1115, 33, 1, 1, '2013-08-23 16:28:13', '2013-08-23 16:28:13', '', 1, 0, 0, 0, 0, 10000),
(1116, 2, 1, 1, '2013-08-23 16:37:56', '2013-08-23 16:37:56', '', 1, 0, 0, 0, 0, 24000),
(1117, 4, 1, 1, '2013-08-23 16:38:33', '2013-08-23 16:38:33', '', 1, 0, 0, 0, 0, 32000),
(1118, 39, 1, 1, '2013-08-23 16:40:06', '2013-08-23 16:40:06', '', 1, 0, 0, 0, 0, 24000),
(1119, 40, 1, 1, '2013-08-23 16:42:45', '2013-08-23 16:42:45', '', 1, 0, 0, 0, 0, 52000),
(1120, 28, 1, 1, '2013-08-23 16:48:45', '2013-08-23 16:48:45', '', 1, 0, 0, 0, 0, 10000),
(1121, 38, 2, 1, '2013-08-23 17:18:12', '2013-08-23 17:18:12', '', 1, 0, 0, 0, 0, 110000),
(1122, 1, 2, 1, '2013-08-23 17:29:39', '2013-08-23 17:29:39', '', 1, 0, 0, 0, 0, 10000),
(1123, 33, 2, 1, '2013-08-23 17:30:56', '2013-08-23 17:30:56', '', 1, 0, 0, 0, 0, 14000),
(1124, 32, 2, 1, '2013-08-23 17:37:54', '2013-08-23 17:37:54', '', 1, 0, 0, 0, 0, 20000),
(1125, 42, 2, 1, '2013-08-23 17:50:12', '2013-08-23 17:50:12', '', 1, 0, 0, 0, 0, 28000),
(1126, 35, 2, 1, '2013-08-23 17:50:28', '2013-08-23 17:50:28', '', 1, 0, 0, 0, 0, 35000),
(1127, 1, 2, 1, '2013-08-23 17:51:15', '2013-08-23 17:51:15', '', 1, 0, 0, 0, 0, 21000),
(1128, 34, 2, 1, '2013-08-23 18:03:19', '2013-08-23 18:03:19', '', 1, 0, 0, 0, 0, 20000),
(1129, 3, 2, 1, '2013-08-23 18:08:05', '2013-08-23 18:08:05', '', 1, 0, 0, 0, 0, 10000),
(1130, 2, 2, 1, '2013-08-23 18:18:03', '2013-08-23 18:18:03', '', 1, 0, 0, 0, 0, 20000),
(1131, 40, 2, 1, '2013-08-23 18:26:59', '2013-08-23 18:26:59', '', 1, 0, 0, 0, 0, 63000),
(1132, 29, 2, 1, '2013-08-23 18:46:05', '2013-08-23 18:46:05', '', 1, 0, 0, 0, 0, 30000),
(1133, 33, 2, 1, '2013-08-23 18:55:11', '2013-08-23 18:55:11', '', 1, 0, 0, 0, 0, 28000),
(1134, 31, 2, 1, '2013-08-23 18:56:41', '2013-08-23 18:56:41', '', 1, 0, 0, 0, 0, 20000),
(1135, 30, 2, 1, '2013-08-23 18:58:20', '2013-08-23 18:58:20', '', 1, 0, 0, 0, 0, 30000),
(1136, 3, 2, 1, '2013-08-23 19:10:43', '2013-08-23 19:10:43', '', 1, 0, 0, 0, 0, 58000),
(1137, 37, 2, 1, '2013-08-23 19:11:08', '2013-08-23 19:11:08', '', 1, 0, 0, 0, 0, 30000),
(1138, 44, 2, 1, '2013-08-23 19:11:23', '2013-08-23 19:11:23', '', 1, 0, 0, 0, 0, 40000),
(1139, 28, 2, 1, '2013-08-23 19:12:23', '2013-08-23 19:12:23', '', 1, 0, 0, 0, 0, 27000),
(1140, 39, 2, 1, '2013-08-23 19:39:54', '2013-08-23 19:39:54', '', 1, 0, 0, 0, 0, 24000),
(1141, 32, 2, 1, '2013-08-23 19:44:09', '2013-08-23 19:44:09', '', 1, 0, 0, 0, 0, 20000),
(1142, 30, 2, 1, '2013-08-23 19:53:05', '2013-08-23 19:53:05', '', 1, 0, 0, 0, 0, 20000),
(1143, 31, 2, 1, '2013-08-23 20:09:43', '2013-08-23 20:09:43', '', 1, 0, 0, 0, 0, 28000),
(1144, 28, 2, 1, '2013-08-23 20:10:05', '2013-08-23 20:10:05', '', 1, 0, 0, 0, 0, 29000),
(1145, 1, 2, 1, '2013-08-23 20:13:19', '2013-08-23 20:13:19', '', 1, 0, 0, 0, 0, 10000),
(1146, 43, 2, 1, '2013-08-23 20:13:49', '2013-08-23 20:13:49', '', 1, 0, 0, 0, 0, 22000),
(1147, 45, 2, 1, '2013-08-23 20:21:22', '2013-08-23 20:21:22', '', 1, 0, 0, 0, 0, 20000),
(1148, 39, 2, 1, '2013-08-23 20:27:08', '2013-08-23 20:27:08', '', 1, 0, 0, 0, 0, 50000),
(1149, 2, 2, 1, '2013-08-23 20:32:57', '2013-08-23 20:32:57', '', 1, 0, 0, 0, 0, 14000),
(1150, 35, 2, 1, '2013-08-23 20:47:02', '2013-08-23 20:47:02', '', 1, 0, 0, 0, 0, 82000),
(1151, 33, 2, 1, '2013-08-23 21:04:47', '2013-08-23 21:04:47', '', 1, 0, 0, 0, 0, 24000),
(1152, 28, 2, 1, '2013-08-24 06:41:16', '2013-08-24 06:41:16', '', 1, 0, 0, 0, 0, 24000),
(1153, 3, 2, 1, '2013-08-24 07:13:03', '2013-08-24 07:13:03', '', 1, 0, 0, 0, 0, 24000),
(1154, 4, 2, 1, '2013-08-24 07:13:50', '2013-08-24 07:13:50', '', 1, 0, 0, 0, 0, 20000),
(1155, 38, 2, 1, '2013-08-24 07:23:25', '2013-08-24 07:23:25', '', 1, 0, 0, 0, 0, 48000),
(1156, 31, 2, 1, '2013-08-24 07:32:39', '2013-08-24 07:32:39', '', 1, 0, 0, 0, 0, 34000),
(1157, 39, 2, 1, '2013-08-24 07:43:02', '2013-08-24 07:43:02', '', 1, 0, 0, 0, 0, 14000);
INSERT INTO `tbl_session` (`id`, `idtable`, `iduser`, `idcustomer`, `datetime`, `datetimeend`, `note`, `status`, `discount_value`, `discount_percent`, `surtax`, `payment`, `value`) VALUES
(1158, 37, 2, 1, '2013-08-24 07:43:24', '2013-08-24 07:43:24', '', 1, 0, 0, 0, 0, 24000),
(1159, 44, 2, 1, '2013-08-24 07:45:41', '2013-08-24 07:45:41', '', 1, 0, 0, 0, 0, 61000),
(1160, 45, 2, 1, '2013-08-24 07:47:48', '2013-08-24 07:47:48', '', 1, 0, 0, 0, 0, 10000),
(1161, 33, 2, 1, '2013-08-24 07:48:08', '2013-08-24 07:48:08', '', 1, 0, 0, 0, 0, 20000),
(1162, 30, 2, 1, '2013-08-24 07:58:45', '2013-08-24 07:58:45', '', 1, 0, 0, 0, 0, 10000),
(1163, 31, 2, 1, '2013-08-24 08:11:21', '2013-08-24 08:11:21', '', 1, 0, 0, 0, 0, 25000),
(1164, 32, 2, 1, '2013-08-24 08:11:50', '2013-08-24 08:11:50', '', 1, 0, 0, 0, 0, 26000),
(1165, 28, 2, 1, '2013-08-24 08:12:18', '2013-08-24 08:12:18', '', 1, 0, 0, 0, 0, 20000),
(1166, 2, 2, 1, '2013-08-24 08:12:31', '2013-08-24 08:12:31', '', 1, 0, 0, 0, 0, 60000),
(1167, 29, 2, 1, '2013-08-24 08:14:42', '2013-08-24 08:14:42', '', 1, 0, 0, 0, 0, 53000),
(1168, 3, 2, 1, '2013-08-24 08:19:22', '2013-08-24 08:19:22', '', 1, 0, 0, 0, 0, 20000),
(1169, 34, 2, 1, '2013-08-24 08:27:03', '2013-08-24 08:27:03', '', 1, 0, 0, 0, 0, 40000),
(1170, 40, 2, 1, '2013-08-24 08:30:28', '2013-08-24 08:30:28', '', 1, 0, 0, 0, 0, 50000),
(1172, 4, 2, 1, '2013-08-24 08:37:20', '2013-08-24 08:37:20', '', 1, 0, 0, 0, 0, 20000),
(1173, 36, 2, 1, '2013-08-24 08:38:49', '2013-08-24 08:38:49', '', 1, 0, 0, 0, 0, 10000),
(1174, 1, 2, 1, '2013-08-24 08:41:15', '2013-08-24 08:41:15', '', 1, 0, 0, 0, 0, 35000),
(1175, 33, 2, 1, '2013-08-24 08:43:57', '2013-08-24 08:43:57', '', 1, 0, 0, 0, 0, 10000),
(1176, 30, 2, 1, '2013-08-24 08:55:32', '2013-08-24 08:55:32', '', 1, 0, 0, 0, 0, 10000),
(1177, 1, 2, 1, '2013-08-24 09:13:21', '2013-08-24 09:13:21', '', 1, 0, 0, 0, 0, 10000),
(1178, 39, 2, 1, '2013-08-24 09:14:13', '2013-08-24 09:14:13', '', 1, 0, 0, 0, 0, 44000),
(1179, 43, 2, 1, '2013-08-24 09:14:30', '2013-08-24 09:14:30', '', 1, 0, 0, 0, 0, 30000),
(1180, 28, 2, 1, '2013-08-24 09:14:50', '2013-08-24 09:14:50', '', 1, 0, 0, 0, 0, 14000),
(1181, 32, 2, 1, '2013-08-24 09:16:44', '2013-08-24 09:16:44', '', 1, 0, 0, 0, 0, 52000),
(1182, 30, 2, 1, '2013-08-24 09:17:07', '2013-08-24 09:17:07', '', 1, 0, 0, 0, 0, 28000),
(1183, 3, 2, 1, '2013-08-24 09:18:14', '2013-08-24 09:18:14', '', 1, 0, 0, 0, 0, 10000),
(1184, 41, 2, 1, '2013-08-24 09:19:42', '2013-08-24 09:19:42', '', 1, 0, 0, 0, 0, 65000),
(1185, 44, 2, 1, '2013-08-24 09:24:56', '2013-08-24 09:24:56', '', 1, 0, 0, 0, 0, 30000),
(1186, 29, 2, 1, '2013-08-24 09:29:09', '2013-08-24 09:29:09', '', 1, 0, 0, 0, 0, 48000),
(1187, 40, 2, 1, '2013-08-24 09:32:10', '2013-08-24 09:32:10', '', 1, 0, 0, 0, 0, 50000),
(1188, 31, 2, 1, '2013-08-24 09:44:14', '2013-08-24 09:44:14', '', 1, 0, 0, 0, 0, 20000),
(1189, 48, 2, 1, '2013-08-24 09:48:22', '2013-08-24 09:48:22', '', 1, 0, 0, 0, 0, 20000),
(1190, 44, 2, 1, '2013-08-24 09:52:05', '2013-08-24 09:52:05', '', 1, 0, 0, 0, 0, 20000),
(1191, 33, 2, 1, '2013-08-24 09:54:56', '2013-08-24 09:54:56', '', 1, 0, 0, 0, 0, 10000),
(1192, 42, 2, 1, '2013-08-24 09:55:11', '2013-08-24 09:55:11', '', 1, 0, 0, 0, 0, 10000),
(1193, 30, 2, 1, '2013-08-24 10:01:06', '2013-08-24 10:01:06', '', 1, 0, 0, 0, 0, 34000),
(1194, 35, 2, 1, '2013-08-24 10:02:24', '2013-08-24 10:02:24', '', 1, 0, 0, 0, 0, 29000),
(1195, 34, 2, 1, '2013-08-24 10:14:53', '2013-08-24 10:14:53', '', 1, 0, 0, 0, 0, 10000),
(1196, 33, 2, 1, '2013-08-24 10:27:53', '2013-08-24 10:27:53', '', 1, 0, 0, 0, 0, 25000),
(1197, 43, 2, 1, '2013-08-24 10:40:10', '2013-08-24 10:40:10', '', 1, 0, 0, 0, 0, 60000),
(1198, 30, 2, 1, '2013-08-24 10:40:58', '2013-08-24 10:40:58', '', 1, 0, 0, 0, 0, 20000),
(1199, 31, 2, 1, '2013-08-24 10:47:25', '2013-08-24 10:47:25', '', 1, 0, 0, 0, 0, 62000),
(1200, 39, 2, 1, '2013-08-24 10:53:56', '2013-08-24 10:53:56', '', 1, 0, 0, 0, 0, 24000),
(1201, 32, 2, 1, '2013-08-24 11:02:02', '2013-08-24 11:02:02', '', 1, 0, 0, 0, 0, 36000),
(1202, 42, 2, 1, '2013-08-24 11:02:30', '2013-08-24 11:02:30', '', 1, 0, 0, 0, 0, 14000),
(1203, 40, 2, 1, '2013-08-24 11:07:51', '2013-08-24 11:07:51', '', 1, 0, 0, 0, 0, 14000),
(1204, 43, 2, 1, '2013-08-24 11:32:04', '2013-08-24 11:32:04', '', 1, 0, 0, 0, 0, 63000),
(1205, 33, 2, 1, '2013-08-24 11:55:15', '2013-08-24 11:55:15', '', 1, 0, 0, 0, 0, 24000),
(1206, 45, 2, 1, '2013-08-24 11:58:47', '2013-08-24 11:58:47', '', 1, 0, 0, 0, 0, 20000),
(1207, 39, 2, 1, '2013-08-24 12:12:02', '2013-08-24 12:12:02', '', 1, 0, 0, 0, 0, 44000),
(1208, 30, 2, 1, '2013-08-24 12:26:02', '2013-08-24 12:26:02', '', 1, 0, 0, 0, 0, 20000),
(1209, 29, 2, 1, '2013-08-24 12:26:34', '2013-08-24 12:26:34', '', 1, 0, 0, 0, 0, 20000),
(1210, 39, 2, 1, '2013-08-24 12:38:33', '2013-08-24 12:38:33', '', 1, 0, 0, 0, 0, 31000),
(1211, 31, 2, 1, '2013-08-24 12:39:41', '2013-08-24 12:39:41', '', 1, 0, 0, 0, 0, 49000),
(1212, 44, 2, 1, '2013-08-24 12:44:43', '2013-08-24 12:44:43', '', 1, 0, 0, 0, 0, 10000),
(1213, 45, 2, 1, '2013-08-24 12:51:13', '2013-08-24 12:51:13', '', 1, 0, 0, 0, 0, 25000),
(1214, 41, 2, 1, '2013-08-24 12:58:51', '2013-08-24 12:58:51', '', 1, 0, 0, 0, 0, 35000),
(1215, 39, 2, 1, '2013-08-24 13:19:10', '2013-08-24 13:19:10', '', 1, 0, 0, 0, 0, 34000),
(1216, 43, 2, 1, '2013-08-24 13:37:09', '2013-08-24 13:37:09', '', 1, 0, 0, 0, 0, 10000),
(1217, 30, 2, 1, '2013-08-24 13:38:10', '2013-08-24 13:38:10', '', 1, 0, 0, 0, 0, 20000),
(1218, 42, 1, 1, '2013-08-24 14:03:14', '2013-08-24 14:03:14', '', 1, 0, 0, 0, 0, 20000),
(1219, 40, 1, 1, '2013-08-24 14:30:13', '2013-08-24 14:30:13', '', 1, 0, 0, 0, 0, 29000),
(1220, 44, 1, 1, '2013-08-24 14:45:48', '2013-08-24 14:45:48', '', 1, 0, 0, 0, 0, 10000),
(1221, 38, 1, 1, '2013-08-24 14:50:48', '2013-08-24 14:50:48', '', 1, 0, 0, 0, 0, 45000),
(1222, 45, 1, 1, '2013-08-24 14:53:13', '2013-08-24 14:53:13', '', 1, 0, 0, 0, 0, 35000),
(1223, 39, 1, 1, '2013-08-24 15:09:36', '2013-08-24 15:09:36', '', 1, 0, 0, 0, 0, 20000),
(1224, 35, 1, 1, '2013-08-24 15:15:19', '2013-08-24 15:15:19', '', 1, 0, 0, 0, 0, 10000),
(1225, 32, 1, 1, '2013-08-24 16:00:40', '2013-08-24 16:00:40', '', 1, 0, 0, 0, 0, 10000),
(1226, 45, 1, 1, '2013-08-24 16:24:35', '2013-08-24 16:24:35', '', 1, 0, 0, 0, 0, 10000),
(1227, 32, 2, 1, '2013-08-24 17:46:44', '2013-08-24 17:46:44', '', 1, 0, 0, 0, 0, 20000),
(1228, 31, 2, 1, '2013-08-24 17:55:37', '2013-08-24 17:55:37', '', 1, 0, 0, 0, 0, 29000),
(1229, 33, 2, 1, '2013-08-24 18:07:38', '2013-08-24 18:07:38', '', 1, 0, 0, 0, 0, 10000),
(1230, 3, 2, 1, '2013-08-24 18:08:01', '2013-08-24 18:08:01', '', 1, 0, 0, 0, 0, 20000),
(1231, 2, 2, 1, '2013-08-24 18:14:33', '2013-08-24 18:14:33', '', 1, 0, 0, 0, 0, 20000),
(1232, 29, 2, 1, '2013-08-24 18:14:44', '2013-08-24 18:14:44', '', 1, 0, 0, 0, 0, 20000),
(1233, 44, 2, 1, '2013-08-24 18:24:49', '2013-08-24 18:24:49', '', 1, 0, 0, 0, 0, 30000),
(1234, 4, 2, 1, '2013-08-24 18:29:03', '2013-08-24 18:29:03', '', 1, 0, 0, 0, 0, 10000),
(1235, 35, 2, 1, '2013-08-24 18:38:10', '2013-08-24 18:38:10', '', 1, 0, 0, 0, 0, 81000),
(1236, 30, 2, 1, '2013-08-24 18:39:19', '2013-08-24 18:39:19', '', 1, 0, 0, 0, 0, 33000),
(1237, 31, 2, 1, '2013-08-24 18:52:07', '2013-08-24 18:52:07', '', 1, 0, 0, 0, 0, 40000),
(1238, 28, 2, 1, '2013-08-24 18:53:23', '2013-08-24 18:53:23', '', 1, 0, 0, 0, 0, 40000),
(1239, 29, 2, 1, '2013-08-24 18:57:18', '2013-08-24 18:57:18', '', 1, 0, 0, 0, 0, 20000),
(1240, 2, 2, 1, '2013-08-24 18:57:32', '2013-08-24 18:57:32', '', 1, 0, 0, 0, 0, 10000),
(1241, 34, 2, 1, '2013-08-24 18:59:02', '2013-08-24 18:59:02', '', 1, 0, 0, 0, 0, 0),
(1242, 34, 2, 1, '2013-08-24 18:59:37', '2013-08-24 18:59:37', '', 1, 0, 0, 0, 0, 0),
(1243, 34, 2, 1, '2013-08-24 19:00:20', '2013-08-24 19:00:20', '', 1, 0, 0, 0, 0, 0),
(1244, 34, 2, 1, '2013-08-24 19:00:28', '2013-08-24 19:00:28', '', 1, 0, 0, 0, 0, 20000),
(1245, 33, 2, 1, '2013-08-24 19:02:47', '2013-08-24 19:02:47', '', 1, 0, 0, 0, 0, 34000),
(1246, 1, 2, 1, '2013-08-24 19:15:41', '2013-08-24 19:15:41', '', 1, 0, 0, 0, 0, 40000),
(1247, 59, 2, 1, '2013-08-24 19:17:17', '2013-08-24 19:17:17', '', 1, 0, 0, 0, 0, 20000),
(1248, 4, 2, 1, '2013-08-24 19:19:22', '2013-08-24 19:19:22', '', 1, 0, 0, 0, 0, 24000),
(1249, 43, 2, 1, '2013-08-24 19:22:40', '2013-08-24 19:22:40', '', 1, 0, 0, 0, 0, 20000),
(1250, 39, 2, 1, '2013-08-24 19:22:57', '2013-08-24 19:22:57', '', 1, 0, 0, 0, 0, 10000),
(1251, 38, 2, 1, '2013-08-24 19:23:22', '2013-08-24 19:23:22', '', 1, 0, 0, 0, 0, 10000),
(1252, 45, 2, 1, '2013-08-24 19:26:19', '2013-08-24 19:26:19', '', 1, 0, 0, 0, 0, 10000),
(1253, 35, 2, 1, '2013-08-24 19:30:39', '2013-08-24 19:30:39', '', 1, 0, 0, 0, 0, 44000),
(1254, 41, 2, 1, '2013-08-24 19:31:03', '2013-08-24 19:31:03', '', 1, 0, 0, 0, 0, 24000),
(1255, 36, 2, 1, '2013-08-24 19:31:30', '2013-08-24 19:31:30', '', 1, 0, 0, 0, 0, 20000),
(1256, 37, 2, 1, '2013-08-24 19:32:16', '2013-08-24 19:32:16', '', 1, 0, 0, 0, 0, 29000),
(1257, 3, 2, 1, '2013-08-24 19:42:00', '2013-08-24 19:42:00', '', 1, 0, 0, 0, 0, 30000),
(1258, 34, 2, 1, '2013-08-24 19:42:55', '2013-08-24 19:42:55', '', 1, 0, 0, 0, 0, 28000),
(1259, 28, 2, 1, '2013-08-24 19:50:15', '2013-08-24 19:50:15', '', 1, 0, 0, 0, 0, 10000),
(1260, 4, 2, 1, '2013-08-24 19:54:09', '2013-08-24 19:54:09', '', 1, 0, 0, 0, 0, 81000),
(1261, 43, 2, 1, '2013-08-24 20:00:40', '2013-08-24 20:00:40', '', 1, 0, 0, 0, 0, 10000),
(1262, 1, 2, 1, '2013-08-24 20:05:16', '2013-08-24 20:05:16', '', 1, 0, 0, 0, 0, 38000),
(1263, 2, 2, 1, '2013-08-24 20:06:45', '2013-08-24 20:06:45', '', 1, 0, 0, 0, 0, 39000),
(1264, 39, 2, 1, '2013-08-24 20:10:33', '2013-08-24 20:10:33', '', 1, 0, 0, 0, 0, 23000),
(1265, 44, 2, 1, '2013-08-24 20:18:14', '2013-08-24 20:18:14', '', 1, 0, 0, 0, 0, 72000),
(1266, 32, 2, 1, '2013-08-24 20:29:36', '2013-08-24 20:29:36', '', 1, 0, 0, 0, 0, 35000),
(1267, 37, 2, 1, '2013-08-24 20:37:12', '2013-08-24 20:37:12', '', 1, 0, 0, 0, 0, 30000),
(1268, 31, 2, 1, '2013-08-24 20:46:45', '2013-08-24 20:46:45', '', 1, 0, 0, 0, 0, 64000),
(1269, 29, 2, 1, '2013-08-24 20:52:50', '2013-08-24 20:52:50', '', 1, 0, 0, 0, 0, 36000),
(1270, 43, 2, 1, '2013-08-25 06:48:26', '2013-08-25 06:48:26', '', 1, 0, 0, 0, 0, 26000),
(1271, 32, 2, 1, '2013-08-25 07:03:30', '2013-08-25 07:03:30', '', 1, 0, 0, 0, 0, 39000),
(1272, 1, 2, 1, '2013-08-25 07:09:15', '2013-08-25 07:09:15', '', 1, 0, 0, 0, 0, 25000),
(1273, 4, 2, 1, '2013-08-25 07:12:22', '2013-08-25 07:12:22', '', 1, 0, 0, 0, 0, 24000),
(1274, 39, 2, 1, '2013-08-25 07:13:21', '2013-08-25 07:13:21', '', 1, 0, 0, 0, 0, 26000),
(1275, 31, 2, 1, '2013-08-25 07:13:59', '2013-08-25 07:13:59', '', 1, 0, 0, 0, 0, 14000),
(1276, 33, 2, 1, '2013-08-25 07:14:27', '2013-08-25 07:14:27', '', 1, 0, 0, 0, 0, 10000),
(1277, 2, 2, 1, '2013-08-25 07:25:21', '2013-08-25 07:25:21', '', 1, 0, 0, 0, 0, 14000),
(1278, 45, 2, 1, '2013-08-25 07:42:34', '2013-08-25 07:42:34', '', 1, 0, 0, 0, 0, 15000),
(1279, 35, 2, 1, '2013-08-25 07:53:02', '2013-08-25 07:53:02', '', 1, 0, 0, 0, 0, 30000),
(1280, 30, 2, 1, '2013-08-25 07:53:20', '2013-08-25 07:53:20', '', 1, 0, 0, 0, 0, 47000),
(1281, 43, 2, 1, '2013-08-25 07:57:15', '2013-08-25 07:57:15', '', 1, 0, 0, 0, 0, 28000),
(1282, 29, 2, 1, '2013-08-25 08:12:56', '2013-08-25 08:12:56', '', 1, 0, 0, 0, 0, 30000),
(1283, 33, 2, 1, '2013-08-25 08:20:03', '2013-08-25 08:20:03', '', 1, 0, 0, 0, 0, 20000),
(1284, 3, 2, 1, '2013-08-25 08:20:22', '2013-08-25 08:20:22', '', 1, 0, 0, 0, 0, 11000),
(1285, 3, 2, 1, '2013-08-25 08:22:31', '2013-08-25 08:22:31', '', 1, 0, 0, 0, 0, 14000),
(1286, 39, 2, 1, '2013-08-25 08:35:42', '2013-08-25 08:35:42', '', 1, 0, 0, 0, 0, 27000),
(1287, 45, 2, 1, '2013-08-25 08:35:58', '2013-08-25 08:35:58', '', 1, 0, 0, 0, 0, 24000),
(1288, 1, 2, 1, '2013-08-25 08:36:14', '2013-08-25 08:36:14', '', 1, 0, 0, 0, 0, 22000),
(1289, 31, 2, 1, '2013-08-25 08:38:13', '2013-08-25 08:38:13', '', 1, 0, 0, 0, 0, 36000),
(1290, 4, 2, 1, '2013-08-25 08:41:59', '2013-08-25 08:41:59', '', 1, 0, 0, 0, 0, 20000),
(1291, 2, 2, 1, '2013-08-25 08:44:28', '2013-08-25 08:44:28', '', 1, 0, 0, 0, 0, 50000),
(1292, 40, 2, 1, '2013-08-25 08:49:01', '2013-08-25 08:49:01', '', 1, 0, 0, 0, 0, 16000),
(1293, 41, 2, 1, '2013-08-25 08:52:16', '2013-08-25 08:52:16', '', 1, 0, 0, 0, 0, 20000),
(1294, 43, 2, 1, '2013-08-25 08:53:29', '2013-08-25 08:53:29', '', 1, 0, 0, 0, 0, 20000),
(1295, 35, 2, 1, '2013-08-25 09:16:55', '2013-08-25 09:16:55', '', 1, 0, 0, 0, 0, 59000),
(1296, 32, 2, 1, '2013-08-25 09:17:42', '2013-08-25 09:17:42', '', 1, 0, 0, 0, 0, 28000),
(1297, 41, 2, 1, '2013-08-25 09:20:56', '2013-08-25 09:20:56', '', 1, 0, 0, 0, 0, 41000),
(1298, 34, 2, 1, '2013-08-25 09:23:54', '2013-08-25 09:23:54', '', 1, 0, 0, 0, 0, 20000),
(1299, 33, 2, 1, '2013-08-25 09:38:28', '2013-08-25 09:38:28', '', 1, 0, 0, 0, 0, 42000),
(1300, 31, 2, 1, '2013-08-25 09:55:31', '2013-08-25 09:55:31', '', 1, 0, 0, 0, 0, 20000),
(1301, 30, 2, 1, '2013-08-25 10:04:28', '2013-08-25 10:04:28', '', 1, 0, 0, 0, 0, 25000),
(1302, 43, 2, 1, '2013-08-25 10:10:16', '2013-08-25 10:10:16', '', 1, 0, 0, 0, 0, 20000),
(1303, 32, 2, 1, '2013-08-25 10:23:46', '2013-08-25 10:23:46', '', 1, 0, 0, 0, 0, 88000),
(1304, 39, 2, 1, '2013-08-25 10:30:03', '2013-08-25 10:30:03', '', 1, 0, 0, 0, 0, 105000),
(1305, 29, 2, 1, '2013-08-25 10:33:21', '2013-08-25 10:33:21', '', 1, 0, 0, 0, 0, 30000),
(1306, 31, 2, 1, '2013-08-25 10:42:21', '2013-08-25 10:42:21', '', 1, 0, 0, 0, 0, 7000),
(1307, 49, 2, 1, '2013-08-25 10:43:07', '2013-08-25 10:43:07', '', 1, 0, 0, 0, 0, 10000),
(1308, 45, 2, 1, '2013-08-25 11:09:09', '2013-08-25 11:09:09', '', 1, 0, 0, 0, 0, 10000),
(1309, 43, 2, 1, '2013-08-25 11:09:21', '2013-08-25 11:09:21', '', 1, 0, 0, 0, 0, 49000),
(1310, 42, 2, 1, '2013-08-25 11:09:51', '2013-08-25 11:09:51', '', 1, 0, 0, 0, 0, 14000),
(1311, 36, 2, 1, '2013-08-25 11:10:11', '2013-08-25 11:10:11', '', 1, 0, 0, 0, 0, 15000),
(1312, 30, 2, 1, '2013-08-25 11:15:00', '2013-08-25 11:15:00', '', 1, 0, 0, 0, 0, 30000),
(1313, 29, 2, 1, '2013-08-25 11:33:08', '2013-08-25 11:33:08', '', 1, 0, 0, 0, 0, 10000),
(1314, 1, 2, 1, '2013-08-25 12:00:46', '2013-08-25 12:00:46', '', 1, 0, 0, 0, 0, 20000),
(1315, 33, 2, 1, '2013-08-25 12:13:02', '2013-08-25 12:13:02', '', 1, 0, 0, 0, 0, 20000),
(1316, 30, 2, 1, '2013-08-25 12:40:22', '2013-08-25 12:40:22', '', 1, 0, 0, 0, 0, 12000),
(1317, 32, 2, 1, '2013-08-25 12:52:42', '2013-08-25 12:52:42', '', 1, 0, 0, 0, 0, 42000),
(1318, 45, 2, 1, '2013-08-25 13:00:27', '2013-08-25 13:00:27', '', 1, 0, 0, 0, 0, 10000),
(1319, 41, 2, 1, '2013-08-25 13:16:28', '2013-08-25 13:16:28', '', 1, 0, 0, 0, 0, 30000),
(1320, 40, 2, 1, '2013-08-25 13:17:13', '2013-08-25 13:17:13', '', 1, 0, 0, 0, 0, 10000),
(1321, 31, 2, 1, '2013-08-25 13:20:54', '2013-08-25 13:20:54', '', 1, 0, 0, 0, 0, 30000),
(1322, 30, 2, 1, '2013-08-25 13:22:05', '2013-08-25 13:22:05', '', 1, 0, 0, 0, 0, 4000),
(1323, 36, 2, 1, '2013-08-25 13:39:33', '2013-08-25 13:39:33', '', 1, 0, 0, 0, 0, 58000),
(1324, 43, 2, 1, '2013-08-25 13:47:29', '2013-08-25 13:47:29', '', 1, 0, 0, 0, 0, 10000),
(1325, 45, 2, 1, '2013-08-25 13:54:04', '2013-08-25 13:54:04', '', 1, 0, 0, 0, 0, 25000),
(1326, 35, 2, 1, '2013-08-25 13:57:00', '2013-08-25 13:57:00', '', 1, 0, 0, 0, 0, 34000),
(1327, 39, 2, 1, '2013-08-25 14:25:05', '2013-08-25 14:25:05', '', 1, 0, 0, 0, 0, 25000),
(1328, 43, 2, 1, '2013-08-25 14:39:40', '2013-08-25 14:39:40', '', 1, 0, 0, 0, 0, 52000),
(1329, 33, 2, 1, '2013-08-25 14:52:44', '2013-08-25 14:52:44', '', 1, 0, 0, 0, 0, 62000),
(1330, 2, 2, 1, '2013-08-25 15:04:20', '2013-08-25 15:04:20', '', 1, 0, 0, 0, 0, 36000),
(1331, 31, 2, 1, '2013-08-25 15:14:22', '2013-08-25 15:14:22', '', 1, 0, 0, 0, 0, 28000),
(1332, 31, 2, 1, '2013-08-25 15:17:32', '2013-08-25 15:17:32', '', 1, 0, 0, 0, 0, 20000),
(1333, 43, 2, 1, '2013-08-25 15:25:42', '2013-08-25 15:25:42', '', 1, 0, 0, 0, 0, 10000),
(1334, 1, 2, 1, '2013-08-25 15:42:25', '2013-08-25 15:42:25', '', 1, 0, 0, 0, 0, 10000),
(1335, 38, 2, 1, '2013-08-25 15:46:23', '2013-08-25 15:46:23', '', 1, 0, 0, 0, 0, 10000),
(1336, 29, 2, 1, '2013-08-25 15:53:57', '2013-08-25 15:53:57', '', 1, 0, 0, 0, 0, 14000),
(1337, 36, 2, 1, '2013-08-25 16:17:28', '2013-08-25 16:17:28', '', 1, 0, 0, 0, 0, 14000),
(1338, 3, 2, 1, '2013-08-25 16:21:56', '2013-08-25 16:21:56', '', 1, 0, 0, 0, 0, 70000),
(1339, 33, 2, 1, '2013-08-25 16:48:50', '2013-08-25 16:48:50', '', 1, 0, 0, 0, 0, 16000),
(1340, 29, 2, 1, '2013-08-25 17:25:26', '2013-08-25 17:25:26', '', 1, 0, 0, 0, 0, 52000),
(1341, 32, 2, 1, '2013-08-25 18:01:55', '2013-08-25 18:01:55', '', 1, 0, 0, 0, 0, 14000),
(1342, 39, 2, 1, '2013-08-25 18:10:09', '2013-08-25 18:10:09', '', 1, 0, 0, 0, 0, 27000),
(1343, 2, 2, 1, '2013-08-25 18:10:39', '2013-08-25 18:10:39', '', 1, 0, 0, 0, 0, 44000),
(1344, 35, 2, 1, '2013-08-25 18:23:59', '2013-08-25 18:23:59', '', 1, 0, 0, 0, 0, 10000),
(1345, 31, 2, 1, '2013-08-25 18:28:46', '2013-08-25 18:28:46', '', 1, 0, 0, 0, 0, 10000),
(1346, 59, 2, 1, '2013-08-25 18:35:44', '2013-08-25 18:35:44', '', 1, 0, 0, 0, 0, 14000),
(1347, 45, 2, 1, '2013-08-25 18:46:19', '2013-08-25 18:46:19', '', 1, 0, 0, 0, 0, 30000),
(1348, 30, 2, 1, '2013-08-25 18:53:55', '2013-08-25 18:53:55', '', 1, 0, 0, 0, 0, 58000),
(1349, 4, 2, 1, '2013-08-25 18:54:44', '2013-08-25 18:54:44', '', 1, 0, 0, 0, 0, 96000),
(1350, 33, 2, 1, '2013-08-25 18:59:25', '2013-08-25 18:59:25', '', 1, 0, 0, 0, 0, 24000),
(1351, 43, 2, 1, '2013-08-25 19:10:00', '2013-08-25 19:10:00', '', 1, 0, 0, 0, 0, 58000),
(1352, 45, 2, 1, '2013-08-25 19:13:03', '2013-08-25 19:13:03', '', 1, 0, 0, 0, 0, 65000),
(1353, 40, 2, 1, '2013-08-25 19:13:14', '2013-08-25 19:13:14', '', 1, 0, 0, 0, 0, 19000),
(1354, 1, 2, 1, '2013-08-25 19:14:14', '2013-08-25 19:14:14', '', 1, 0, 0, 0, 0, 70000),
(1355, 41, 2, 1, '2013-08-25 19:19:28', '2013-08-25 19:19:28', '', 1, 0, 0, 0, 0, 40000),
(1356, 36, 2, 1, '2013-08-25 19:20:16', '2013-08-25 19:20:16', '', 1, 0, 0, 0, 0, 46000),
(1357, 28, 2, 1, '2013-08-25 19:20:52', '2013-08-25 19:20:52', '', 1, 0, 0, 0, 0, 22000),
(1358, 2, 2, 1, '2013-08-25 19:25:17', '2013-08-25 19:25:17', '', 1, 0, 0, 0, 0, 72000),
(1359, 32, 2, 1, '2013-08-25 19:39:59', '2013-08-25 19:39:59', '', 1, 0, 0, 0, 0, 10000),
(1360, 39, 2, 1, '2013-08-25 19:40:58', '2013-08-25 19:40:58', '', 1, 0, 0, 0, 0, 67000),
(1361, 44, 2, 1, '2013-08-25 19:47:36', '2013-08-25 19:47:36', '', 1, 0, 0, 0, 0, 25000),
(1362, 3, 2, 1, '2013-08-25 19:47:58', '2013-08-25 19:47:58', '', 1, 0, 0, 0, 0, 47000),
(1363, 34, 2, 1, '2013-08-25 19:58:06', '2013-08-25 19:58:06', '', 1, 0, 0, 0, 0, 30000),
(1364, 3, 2, 1, '2013-08-25 20:06:39', '2013-08-25 20:06:39', '', 1, 0, 0, 0, 0, 51000),
(1365, 29, 2, 1, '2013-08-25 20:06:57', '2013-08-25 20:06:57', '', 1, 0, 0, 0, 0, 37000),
(1366, 30, 2, 1, '2013-08-25 20:22:26', '2013-08-25 20:22:26', '', 1, 0, 0, 0, 0, 30000),
(1367, 37, 2, 1, '2013-08-25 20:24:27', '2013-08-25 20:24:27', '', 1, 0, 0, 0, 0, 20000),
(1368, 39, 2, 1, '2013-08-25 20:27:49', '2013-08-25 20:27:49', '', 1, 0, 0, 0, 0, 86000),
(1369, 40, 2, 1, '2013-08-25 20:35:56', '2013-08-25 20:35:56', '', 1, 0, 0, 0, 0, 26000),
(1370, 32, 2, 1, '2013-08-25 20:36:28', '2013-08-25 20:36:28', '', 1, 0, 0, 0, 0, 30000),
(1371, 38, 2, 1, '2013-08-25 20:45:31', '2013-08-25 20:45:31', '', 1, 0, 0, 0, 0, 10000),
(1372, 2, 2, 1, '2013-08-25 21:13:35', '2013-08-25 21:13:35', '', 1, 0, 0, 0, 0, 52000),
(1373, 28, 2, 1, '2013-08-26 06:28:06', '2013-08-26 06:28:06', '', 1, 0, 0, 0, 0, 17000),
(1374, 35, 2, 1, '2013-08-26 07:00:46', '2013-08-26 07:00:46', '', 1, 0, 0, 0, 0, 20000),
(1375, 4, 2, 1, '2013-08-26 07:06:03', '2013-08-26 07:06:03', '', 1, 0, 0, 0, 0, 20000),
(1376, 3, 2, 1, '2013-08-26 07:06:26', '2013-08-26 07:06:26', '', 1, 0, 0, 0, 0, 24000),
(1377, 28, 2, 1, '2013-08-26 07:11:27', '2013-08-26 07:11:27', '', 1, 0, 0, 0, 0, 24000),
(1378, 40, 2, 1, '2013-08-26 07:26:27', '2013-08-26 07:26:27', '', 1, 0, 0, 0, 0, 74000),
(1379, 41, 2, 1, '2013-08-26 07:29:01', '2013-08-26 07:29:01', '', 1, 0, 0, 0, 0, 16000),
(1380, 37, 2, 1, '2013-08-26 07:48:07', '2013-08-26 07:48:07', '', 1, 0, 0, 0, 0, 77000),
(1381, 3, 2, 1, '2013-08-26 07:55:08', '2013-08-26 07:55:08', '', 1, 0, 0, 0, 0, 30000),
(1382, 34, 2, 1, '2013-08-26 08:00:24', '2013-08-26 08:00:24', '', 1, 0, 0, 0, 0, 10000),
(1383, 33, 2, 1, '2013-08-26 08:01:20', '2013-08-26 08:01:20', '', 1, 0, 0, 0, 0, 34000),
(1384, 4, 2, 1, '2013-08-26 08:04:56', '2013-08-26 08:04:56', '', 1, 0, 0, 0, 0, 34000),
(1385, 29, 2, 1, '2013-08-26 08:05:29', '2013-08-26 08:05:29', '', 1, 0, 0, 0, 0, 33000),
(1386, 32, 2, 1, '2013-08-26 08:09:07', '2013-08-26 08:09:07', '', 1, 0, 0, 0, 0, 10000),
(1387, 36, 2, 1, '2013-08-26 08:13:27', '2013-08-26 08:13:27', '', 1, 0, 0, 0, 0, 34000),
(1388, 41, 2, 1, '2013-08-26 08:17:41', '2013-08-26 08:17:41', '', 1, 0, 0, 0, 0, 20000),
(1389, 35, 2, 1, '2013-08-26 08:18:02', '2013-08-26 08:18:02', '', 1, 0, 0, 0, 0, 20000),
(1390, 1, 2, 1, '2013-08-26 08:18:39', '2013-08-26 08:18:39', '', 1, 0, 0, 0, 0, 34000),
(1391, 30, 2, 1, '2013-08-26 08:19:21', '2013-08-26 08:19:21', '', 1, 0, 0, 0, 0, 20000),
(1392, 44, 2, 1, '2013-08-26 08:22:17', '2013-08-26 08:22:17', '', 1, 0, 0, 0, 0, 40000),
(1393, 45, 2, 1, '2013-08-26 08:22:48', '2013-08-26 08:22:48', '', 1, 0, 0, 0, 0, 10000),
(1394, 49, 2, 1, '2013-08-26 08:25:38', '2013-08-26 08:25:38', '', 1, 0, 0, 0, 0, 42000),
(1395, 31, 2, 1, '2013-08-26 08:32:44', '2013-08-26 08:32:44', '', 1, 0, 0, 0, 0, 20000),
(1396, 32, 2, 1, '2013-08-26 08:33:04', '2013-08-26 08:33:04', '', 1, 0, 0, 0, 0, 19000),
(1397, 49, 2, 1, '2013-08-26 08:43:37', '2013-08-26 08:43:37', '', 1, 0, 0, 0, 0, 30000),
(1398, 29, 2, 1, '2013-08-26 09:03:29', '2013-08-26 09:03:29', '', 1, 0, 0, 0, 0, 24000),
(1399, 41, 2, 1, '2013-08-26 09:12:27', '2013-08-26 09:12:27', '', 1, 0, 0, 0, 0, 10000),
(1400, 43, 2, 1, '2013-08-26 09:16:48', '2013-08-26 09:16:48', '', 1, 0, 0, 0, 0, 85000),
(1401, 37, 2, 1, '2013-08-26 09:25:38', '2013-08-26 09:25:38', '', 1, 0, 0, 0, 0, 44000),
(1402, 35, 2, 1, '2013-08-26 09:25:55', '2013-08-26 09:25:55', '', 1, 0, 0, 0, 0, 20000),
(1403, 32, 2, 1, '2013-08-26 09:39:50', '2013-08-26 09:39:50', '', 1, 0, 0, 0, 0, 10000),
(1404, 33, 2, 1, '2013-08-26 09:41:10', '2013-08-26 09:41:10', '', 1, 0, 0, 0, 0, 34000),
(1405, 41, 2, 1, '2013-08-26 09:53:03', '2013-08-26 09:53:03', '', 1, 0, 0, 0, 0, 50000),
(1406, 39, 2, 1, '2013-08-26 09:54:20', '2013-08-26 09:54:20', '', 1, 0, 0, 0, 0, 10000),
(1407, 32, 2, 1, '2013-08-26 10:13:36', '2013-08-26 10:13:36', '', 1, 0, 0, 0, 0, 25000),
(1408, 39, 2, 1, '2013-08-26 10:14:47', '2013-08-26 10:14:47', '', 1, 0, 0, 0, 0, 45000),
(1409, 2, 2, 1, '2013-08-26 10:15:57', '2013-08-26 10:15:57', '', 1, 0, 0, 0, 0, 20000),
(1410, 43, 2, 1, '2013-08-26 10:26:37', '2013-08-26 10:26:37', '', 1, 0, 0, 0, 0, 28000),
(1411, 1, 2, 1, '2013-08-26 10:39:26', '2013-08-26 10:39:26', '', 1, 0, 0, 0, 0, 35000),
(1412, 36, 2, 1, '2013-08-26 10:44:42', '2013-08-26 10:44:42', '', 1, 0, 0, 0, 0, 27000),
(1414, 42, 2, 1, '2013-08-26 11:11:40', '2013-08-26 11:11:40', '', 1, 0, 0, 0, 0, 20000),
(1415, 38, 2, 1, '2013-08-26 11:17:03', '2013-08-26 11:17:03', '', 1, 0, 0, 0, 0, 10000),
(1416, 30, 2, 1, '2013-08-26 11:24:51', '2013-08-26 11:24:51', '', 1, 0, 0, 0, 0, 61000),
(1417, 31, 2, 1, '2013-08-26 11:43:49', '2013-08-26 11:43:49', '', 1, 0, 0, 0, 0, 0),
(1418, 29, 2, 1, '2013-08-26 11:45:41', '2013-08-26 11:45:41', '', 1, 0, 0, 0, 0, 20000),
(1419, 31, 2, 1, '2013-08-26 11:49:06', '2013-08-26 11:49:06', '', 1, 0, 0, 0, 0, 20000),
(1420, 41, 2, 1, '2013-08-26 11:51:46', '2013-08-26 11:51:46', '', 1, 0, 0, 0, 0, 25000),
(1421, 39, 2, 1, '2013-08-26 11:57:21', '2013-08-26 11:57:21', '', 1, 0, 0, 0, 0, 34000),
(1422, 37, 2, 1, '2013-08-26 12:15:39', '2013-08-26 12:15:39', '', 1, 0, 0, 0, 0, 48000),
(1423, 43, 2, 1, '2013-08-26 12:25:34', '2013-08-26 12:25:34', 'In phieu', 1, 0, 0, 0, 0, 0),
(1424, 33, 2, 1, '2013-08-26 12:25:40', '2013-08-26 12:25:40', '', 1, 0, 0, 0, 0, 30000),
(1425, 36, 2, 1, '2013-08-26 12:25:51', '2013-08-26 12:25:51', '', 1, 0, 0, 0, 0, 9000),
(1426, 45, 2, 1, '2013-08-26 12:33:35', '2013-08-26 12:33:35', 'In phieu', 1, 0, 0, 0, 0, 0),
(1427, 1, 1, 1, '2013-09-07 16:26:19', '2013-09-07 16:26:19', '', 1, 0, 0, 0, 0, 30000),
(1428, 2, 1, 1, '2013-09-14 10:40:10', '2013-09-14 10:40:10', 'In phieu', 1, 0, 0, 0, 0, 83000),
(1429, 4, 1, 1, '2013-09-14 14:03:31', '2013-09-14 14:03:31', 'In phieu', 1, 0, 0, 0, 0, 18000),
(1430, 28, 1, 1, '2013-09-14 14:03:45', '2013-09-14 14:03:45', 'In phieu', 1, 0, 0, 0, 0, 50000),
(1431, 1, 1, 1, '2013-09-14 14:07:04', '2013-09-14 14:07:04', '', 1, 0, 0, 0, 0, 64000),
(1432, 1, 1, 1, '2013-09-14 14:07:47', '2013-09-14 14:07:47', 'In phieu', 1, 0, 0, 0, 0, 75000),
(1433, 1, 1, 1, '2013-09-14 14:32:13', '2013-09-14 14:32:13', 'In phieu', 1, 0, 0, 0, 0, 78000),
(1434, 28, 1, 1, '2013-09-14 14:35:18', '2013-09-14 14:35:18', 'In phieu', 1, 0, 0, 0, 0, 36000),
(1435, 4, 1, 1, '2013-09-14 14:35:39', '2013-09-14 14:35:39', 'In phieu', 1, 0, 0, 0, 0, 23000),
(1436, 3, 1, 1, '2013-09-26 01:40:02', '2013-09-26 01:40:02', 'In phieu', 1, 0, 0, 0, 0, 0),
(1437, 4, 1, 1, '2013-09-28 00:56:47', '2013-09-28 00:56:47', 'In phieu', 1, 0, 0, 0, 0, 0),
(1438, 1, 1, 1, '2013-09-28 18:29:10', '2013-09-28 18:29:10', 'In phieu', 1, 0, 0, 0, 0, 0),
(1439, 49, 1, 1, '2013-10-01 22:50:29', '2013-10-01 22:50:29', 'In phieu', 1, 0, 0, 0, 0, 152000);

-- --------------------------------------------------------

--
-- Table structure for table `tbl_session_detail`
--

CREATE TABLE IF NOT EXISTS `tbl_session_detail` (
  `id` int(11) NOT NULL AUTO_INCREMENT,
  `idsession` int(11) NOT NULL,
  `idcourse` int(11) NOT NULL,
  `count` int(11) NOT NULL,
  `price` bigint(20) NOT NULL,
  PRIMARY KEY (`id`),
  KEY `idsession` (`idsession`),
  KEY `idcourse` (`idcourse`)
) ENGINE=InnoDB  DEFAULT CHARSET=utf8 COLLATE=utf8_unicode_ci AUTO_INCREMENT=2811 ;

--
-- Dumping data for table `tbl_session_detail`
--

INSERT INTO `tbl_session_detail` (`id`, `idsession`, `idcourse`, `count`, `price`) VALUES
(2808, 1439, 267, 1, 90000),
(2809, 1439, 265, 1, 50000),
(2810, 1439, 284, 1, 12000);

-- --------------------------------------------------------

--
-- Table structure for table `tbl_supplier`
--

CREATE TABLE IF NOT EXISTS `tbl_supplier` (
  `id` int(9) NOT NULL AUTO_INCREMENT,
  `name` varchar(100) COLLATE utf8_unicode_ci NOT NULL,
  `phone` varchar(15) COLLATE utf8_unicode_ci NOT NULL,
  `address` varchar(200) COLLATE utf8_unicode_ci NOT NULL,
  `note` varchar(100) COLLATE utf8_unicode_ci NOT NULL,
  `debt` bigint(20) NOT NULL,
  PRIMARY KEY (`id`)
) ENGINE=InnoDB  DEFAULT CHARSET=utf8 COLLATE=utf8_unicode_ci AUTO_INCREMENT=12 ;

--
-- Dumping data for table `tbl_supplier`
--

INSERT INTO `tbl_supplier` (`id`, `name`, `phone`, `address`, `note`, `debt`) VALUES
(1, 'ĐL Nước Đá', '0703456456', 'Trí Phường 4', 'Cung cấp nước đá', 0),
(6, 'Coop Mart', '070', 'Vĩnh Long', 'Cung cấp mọi thứ', 0),
(8, 'Nhà PP Đoan Trang', '0703 822 227 - ', '64/6N Trần Phú P4 TP Vĩnh Long', '', 0),
(9, 'KHÁC', '', '', '', 0),
(11, 'CH Tuấn', '', 'P4, TPVL', 'Cung cấp thực phẩm', 0);

-- --------------------------------------------------------

--
-- Table structure for table `tbl_table`
--

CREATE TABLE IF NOT EXISTS `tbl_table` (
  `id` int(11) NOT NULL AUTO_INCREMENT,
  `iddomain` int(11) NOT NULL,
  `name` varchar(200) COLLATE utf8_unicode_ci NOT NULL,
  `iduser` int(11) DEFAULT NULL,
  `type` varchar(200) COLLATE utf8_unicode_ci DEFAULT NULL,
  PRIMARY KEY (`id`),
  KEY `iddomain` (`iddomain`)
) ENGINE=InnoDB  DEFAULT CHARSET=utf8 COLLATE=utf8_unicode_ci AUTO_INCREMENT=60 ;

--
-- Dumping data for table `tbl_table`
--

INSERT INTO `tbl_table` (`id`, `iddomain`, `name`, `iduser`, `type`) VALUES
(1, 1, 'Bàn 18', 0, '0'),
(2, 1, 'Bàn 19', 0, '0'),
(3, 1, 'Bàn 20', 0, '0'),
(4, 1, 'Bàn 21', 0, '0'),
(28, 1, 'Bàn 22', 1, '0'),
(29, 2, 'Bàn 01', 1, '0'),
(30, 2, 'Bàn 02', 1, '0'),
(31, 2, 'Bàn 03', 1, '0'),
(32, 2, 'Bàn 04', 1, '0'),
(33, 2, 'Bàn 05', 1, '0'),
(34, 2, 'Bàn 06', 1, '0'),
(35, 2, 'Bàn 07', 1, '0'),
(36, 2, 'Bàn 08', 1, '0'),
(37, 2, 'Bàn 09', 1, '0'),
(38, 2, 'Bàn 10', 1, '0'),
(39, 2, 'Bàn 11', 1, '0'),
(40, 2, 'Bàn 12', 1, '0'),
(41, 2, 'Bàn 13', 1, '0'),
(42, 2, 'Bàn 14', 1, '0'),
(43, 2, 'Bàn 15', 1, '0'),
(44, 2, 'Bàn 16', 1, '0'),
(45, 2, 'Bàn 17', 1, '0'),
(46, 2, 'Bàn 18', 1, '0'),
(47, 2, 'Bàn 19', 1, '0'),
(48, 2, 'Bàn 20', 1, '0'),
(49, 4, '1', 1, '0'),
(50, 4, '2', 1, '0'),
(51, 4, '3', 1, '0'),
(52, 4, '4', 1, '0'),
(53, 4, '5', 1, '0'),
(54, 4, '6', 1, '0'),
(55, 4, '7', 1, '0'),
(56, 4, '8', 1, '0'),
(57, 4, '9', 1, '0'),
(58, 4, '10', 1, '0'),
(59, 2, 'Bàn 21', 1, '0');

-- --------------------------------------------------------

--
-- Table structure for table `tbl_term`
--

CREATE TABLE IF NOT EXISTS `tbl_term` (
  `id` int(11) NOT NULL AUTO_INCREMENT,
  `name` varchar(200) COLLATE utf8_unicode_ci NOT NULL,
  `type` int(11) NOT NULL,
  PRIMARY KEY (`id`)
) ENGINE=InnoDB  DEFAULT CHARSET=utf8 COLLATE=utf8_unicode_ci AUTO_INCREMENT=13 ;

--
-- Dumping data for table `tbl_term`
--

INSERT INTO `tbl_term` (`id`, `name`, `type`) VALUES
(1, 'Tiền Điện', 0),
(2, 'Tiền Nước', 0),
(3, 'Thuế', 0),
(4, 'Lương Nhân Viên', 0),
(10, 'Tiền Ăn Nhân Viên', 0),
(11, 'CP Khác', 0),
(12, 'Tiền Phụ Cấp', 0);

-- --------------------------------------------------------

--
-- Table structure for table `tbl_term_collect`
--

CREATE TABLE IF NOT EXISTS `tbl_term_collect` (
  `id` int(11) NOT NULL AUTO_INCREMENT,
  `name` varchar(200) COLLATE utf8_unicode_ci NOT NULL,
  PRIMARY KEY (`id`)
) ENGINE=InnoDB  DEFAULT CHARSET=utf8 COLLATE=utf8_unicode_ci AUTO_INCREMENT=4 ;

--
-- Dumping data for table `tbl_term_collect`
--

INSERT INTO `tbl_term_collect` (`id`, `name`) VALUES
(2, 'Phụ Phẩm'),
(3, 'Đặc Biệt');

-- --------------------------------------------------------

--
-- Table structure for table `tbl_tracking`
--

CREATE TABLE IF NOT EXISTS `tbl_tracking` (
  `id` int(11) NOT NULL AUTO_INCREMENT,
  `date_start` date NOT NULL,
  `date_end` date NOT NULL,
  PRIMARY KEY (`id`)
) ENGINE=InnoDB  DEFAULT CHARSET=utf8 COLLATE=utf8_unicode_ci AUTO_INCREMENT=8 ;

--
-- Dumping data for table `tbl_tracking`
--

INSERT INTO `tbl_tracking` (`id`, `date_start`, `date_end`) VALUES
(1, '2013-08-01', '2013-08-31'),
(3, '2013-10-01', '2013-10-31'),
(4, '2013-11-01', '2013-11-30'),
(5, '2013-12-01', '2013-12-31'),
(7, '2013-09-01', '2013-09-30');

-- --------------------------------------------------------

--
-- Table structure for table `tbl_unit`
--

CREATE TABLE IF NOT EXISTS `tbl_unit` (
  `id` int(25) NOT NULL AUTO_INCREMENT,
  `name` varchar(200) COLLATE utf8_unicode_ci DEFAULT NULL,
  PRIMARY KEY (`id`)
) ENGINE=InnoDB  DEFAULT CHARSET=utf8 COLLATE=utf8_unicode_ci AUTO_INCREMENT=22 ;

--
-- Dumping data for table `tbl_unit`
--

INSERT INTO `tbl_unit` (`id`, `name`) VALUES
(1, 'Ly'),
(2, 'Điếu'),
(3, 'Chai'),
(4, 'Lon'),
(5, 'Dĩa'),
(6, 'Thùng'),
(7, 'Kết'),
(9, 'Bịch'),
(10, 'Gói'),
(11, 'Cái'),
(12, 'Cây'),
(13, 'Giờ'),
(14, 'Bao'),
(15, 'Con'),
(16, 'Kg'),
(17, 'Hộp'),
(18, 'Hủ'),
(19, 'Trái'),
(20, 'Trứng'),
(21, 'Kg');

-- --------------------------------------------------------

--
-- Table structure for table `tbl_user`
--

CREATE TABLE IF NOT EXISTS `tbl_user` (
  `id` int(11) NOT NULL AUTO_INCREMENT,
  `name` varchar(25) COLLATE utf8_unicode_ci NOT NULL,
  `email` varchar(200) COLLATE utf8_unicode_ci DEFAULT NULL,
  `pass` varchar(256) COLLATE utf8_unicode_ci DEFAULT NULL,
  `gender` int(11) NOT NULL,
  `note` varchar(200) COLLATE utf8_unicode_ci DEFAULT NULL,
  `datecreate` timestamp NOT NULL DEFAULT CURRENT_TIMESTAMP,
  `dateupdate` timestamp NOT NULL DEFAULT '0000-00-00 00:00:00',
  `dateactivity` timestamp NOT NULL DEFAULT '0000-00-00 00:00:00',
  `type` tinyint(4) NOT NULL,
  `code` varchar(13) COLLATE utf8_unicode_ci NOT NULL,
  PRIMARY KEY (`id`)
) ENGINE=InnoDB  DEFAULT CHARSET=utf8 COLLATE=utf8_unicode_ci AUTO_INCREMENT=10 ;

--
-- Dumping data for table `tbl_user`
--

INSERT INTO `tbl_user` (`id`, `name`, `email`, `pass`, `gender`, `note`, `datecreate`, `dateupdate`, `dateactivity`, `type`, `code`) VALUES
(1, 'Quản lý', 'muoiotxanh@gmail.com', 'admin123456', 0, ' Người quản lý hệ thống', '0000-00-00 00:00:00', '0000-00-00 00:00:00', '0000-00-00 00:00:00', 4, ''),
(2, 'Quí Hữu', 'quihuu@gmail.com', '123456', 0, '', '0000-00-00 00:00:00', '0000-00-00 00:00:00', '0000-00-00 00:00:00', 1, ''),
(9, 'Bán hàng 1', 'banhang1@gmail.com', '123456', 1, '', '2013-08-14 07:31:11', '2013-08-14 07:31:11', '2013-08-14 07:31:11', 1, '');

--
-- Constraints for dumped tables
--

--
-- Constraints for table `tbl_collect_general`
--
ALTER TABLE `tbl_collect_general`
  ADD CONSTRAINT `tbl_collect_general_1` FOREIGN KEY (`id_term`) REFERENCES `tbl_term_collect` (`id`) ON DELETE CASCADE ON UPDATE CASCADE;

--
-- Constraints for table `tbl_course`
--
ALTER TABLE `tbl_course`
  ADD CONSTRAINT `tbl_course_1` FOREIGN KEY (`idcategory`) REFERENCES `tbl_category` (`id`) ON DELETE CASCADE ON UPDATE CASCADE;

--
-- Constraints for table `tbl_paid_general`
--
ALTER TABLE `tbl_paid_general`
  ADD CONSTRAINT `tbl_paid_general_1` FOREIGN KEY (`id_term`) REFERENCES `tbl_term` (`id`) ON DELETE CASCADE ON UPDATE CASCADE;

--
-- Constraints for table `tbl_pay_roll`
--
ALTER TABLE `tbl_pay_roll`
  ADD CONSTRAINT `tbl_pay_roll_1` FOREIGN KEY (`idemployee`) REFERENCES `tbl_employee` (`id`) ON DELETE CASCADE ON UPDATE CASCADE;

--
-- Constraints for table `tbl_resource`
--
ALTER TABLE `tbl_resource`
  ADD CONSTRAINT `tbl_resource_1` FOREIGN KEY (`idsupplier`) REFERENCES `tbl_supplier` (`id`) ON DELETE CASCADE ON UPDATE CASCADE;

--
-- Constraints for table `tbl_session`
--
ALTER TABLE `tbl_session`
  ADD CONSTRAINT `tbl_session_1` FOREIGN KEY (`idtable`) REFERENCES `tbl_table` (`id`) ON DELETE CASCADE ON UPDATE CASCADE,
  ADD CONSTRAINT `tbl_session_2` FOREIGN KEY (`iduser`) REFERENCES `tbl_user` (`id`) ON DELETE CASCADE ON UPDATE CASCADE,
  ADD CONSTRAINT `tbl_session_3` FOREIGN KEY (`idcustomer`) REFERENCES `tbl_customer` (`id`) ON DELETE CASCADE ON UPDATE CASCADE;

--
-- Constraints for table `tbl_session_detail`
--
ALTER TABLE `tbl_session_detail`
  ADD CONSTRAINT `tbl_session_detail_1` FOREIGN KEY (`idsession`) REFERENCES `tbl_session` (`id`) ON DELETE CASCADE ON UPDATE CASCADE,
  ADD CONSTRAINT `tbl_session_detail_2` FOREIGN KEY (`idcourse`) REFERENCES `tbl_course` (`id`) ON DELETE CASCADE ON UPDATE CASCADE;

--
-- Constraints for table `tbl_table`
--
ALTER TABLE `tbl_table`
  ADD CONSTRAINT `tbl_table_1` FOREIGN KEY (`iddomain`) REFERENCES `tbl_domain` (`id`) ON DELETE CASCADE ON UPDATE CASCADE;

/*!40101 SET CHARACTER_SET_CLIENT=@OLD_CHARACTER_SET_CLIENT */;
/*!40101 SET CHARACTER_SET_RESULTS=@OLD_CHARACTER_SET_RESULTS */;
/*!40101 SET COLLATION_CONNECTION=@OLD_COLLATION_CONNECTION */;
